vuz,jednotka,den,restartu
1083,51,2022-08-01,24
1083,51,2022-08-02,25
1083,51,2022-08-03,28
1083,51,2022-08-04,21
1083,51,2022-08-05,7
1083,51,2022-08-06,28
1083,51,2022-08-07,25
1083,52,2022-08-01,24
1083,52,2022-08-02,25
1083,52,2022-08-03,28
1083,52,2022-08-04,21
1083,52,2022-08-05,7
1083,52,2022-08-06,28
1083,52,2022-08-07,25
1083,53,2022-08-01,24
1083,53,2022-08-02,25
1083,53,2022-08-03,28
1083,53,2022-08-04,21
1083,53,2022-08-05,7
1083,53,2022-08-06,28
1083,53,2022-08-07,25
1090,51,2022-08-01,24
1090,52,2022-08-01,24
1090,53,2022-08-01,24
1093,41,2022-08-01,1
1093,41,2022-08-02,1
1093,41,2022-08-03,3
1093,41,2022-08-04,4
1093,41,2022-08-05,28
1093,41,2022-08-07,12
1093,42,2022-08-01,1
1093,42,2022-08-02,1
1093,42,2022-08-03,3
1093,42,2022-08-04,4
1093,42,2022-08-05,28
1093,42,2022-08-07,12
1093,43,2022-08-01,1
1093,43,2022-08-02,1
1093,43,2022-08-03,3
1093,43,2022-08-04,4
1093,43,2022-08-05,28
1093,43,2022-08-07,12
1093,44,2022-08-01,1
1093,44,2022-08-02,1
1093,44,2022-08-03,3
1093,44,2022-08-04,4
1093,44,2022-08-05,28
1093,44,2022-08-07,12
1094,41,2022-08-01,13
1094,41,2022-08-02,4
1094,41,2022-08-03,23
1094,41,2022-08-04,24
1094,41,2022-08-05,22
1094,41,2022-08-06,2
1094,41,2022-08-07,2
1094,42,2022-08-01,13
1094,42,2022-08-02,4
1094,42,2022-08-03,23
1094,42,2022-08-04,24
1094,42,2022-08-05,22
1094,42,2022-08-06,2
1094,42,2022-08-07,2
1094,43,2022-08-01,13
1094,43,2022-08-02,4
1094,43,2022-08-03,23
1094,43,2022-08-04,24
1094,43,2022-08-05,22
1094,43,2022-08-06,2
1094,43,2022-08-07,2
1094,44,2022-08-01,13
1094,44,2022-08-02,4
1094,44,2022-08-03,23
1094,44,2022-08-04,24
1094,44,2022-08-05,22
1094,44,2022-08-06,2
1094,44,2022-08-07,2
1096,51,2022-08-04,26
1096,51,2022-08-05,21
1096,51,2022-08-06,5
1096,51,2022-08-07,4
1096,52,2022-08-04,26
1096,52,2022-08-05,21
1096,52,2022-08-06,5
1096,52,2022-08-07,4
1096,53,2022-08-04,26
1096,53,2022-08-05,21
1096,53,2022-08-06,5
1096,53,2022-08-07,4
1099,51,2022-08-05,11
1099,51,2022-08-06,23
1099,51,2022-08-07,25
1099,52,2022-08-05,11
1099,52,2022-08-06,23
1099,52,2022-08-07,25
1099,53,2022-08-05,11
1099,53,2022-08-06,23
1099,53,2022-08-07,25
1100,41,2022-08-01,28
1100,41,2022-08-02,20
1100,41,2022-08-03,2
1100,41,2022-08-04,24
1100,41,2022-08-05,25
1100,41,2022-08-06,24
1100,41,2022-08-07,26
1100,42,2022-08-01,28
1100,42,2022-08-02,20
1100,42,2022-08-03,2
1100,42,2022-08-04,24
1100,42,2022-08-05,25
1100,42,2022-08-06,24
1100,42,2022-08-07,26
1100,43,2022-08-01,28
1100,43,2022-08-02,20
1100,43,2022-08-03,2
1100,43,2022-08-04,24
1100,43,2022-08-05,25
1100,43,2022-08-06,24
1100,43,2022-08-07,26
1100,44,2022-08-01,28
1100,44,2022-08-02,20
1100,44,2022-08-03,2
1100,44,2022-08-04,24
1100,44,2022-08-05,25
1100,44,2022-08-06,24
1100,44,2022-08-07,26
1101,41,2022-08-01,23
1101,41,2022-08-02,29
1101,41,2022-08-03,27
1101,41,2022-08-04,5
1101,41,2022-08-05,1
1101,41,2022-08-07,2
1101,42,2022-08-01,23
1101,42,2022-08-02,29
1101,42,2022-08-03,27
1101,42,2022-08-04,5
1101,42,2022-08-05,1
1101,42,2022-08-07,2
1101,43,2022-08-01,23
1101,43,2022-08-02,29
1101,43,2022-08-03,27
1101,43,2022-08-04,5
1101,43,2022-08-05,1
1101,43,2022-08-07,2
1101,44,2022-08-01,23
1101,44,2022-08-02,29
1101,44,2022-08-03,27
1101,44,2022-08-04,5
1101,44,2022-08-05,1
1101,44,2022-08-07,2
1106,51,2022-08-01,23
1106,51,2022-08-02,27
1106,51,2022-08-03,22
1106,51,2022-08-04,27
1106,51,2022-08-05,25
1106,51,2022-08-06,1
1106,52,2022-08-01,23
1106,52,2022-08-02,27
1106,52,2022-08-03,22
1106,52,2022-08-04,27
1106,52,2022-08-05,25
1106,52,2022-08-06,1
1106,53,2022-08-01,23
1106,53,2022-08-02,27
1106,53,2022-08-03,22
1106,53,2022-08-04,27
1106,53,2022-08-05,25
1106,53,2022-08-06,1
1108,51,2022-08-01,9
1108,51,2022-08-02,24
1108,51,2022-08-03,26
1108,51,2022-08-04,19
1108,51,2022-08-05,16
1108,52,2022-08-01,9
1108,52,2022-08-02,24
1108,52,2022-08-03,26
1108,52,2022-08-04,19
1108,52,2022-08-05,16
1108,53,2022-08-01,9
1108,53,2022-08-02,24
1108,53,2022-08-03,26
1108,53,2022-08-04,19
1108,53,2022-08-05,16
1117,41,2022-08-01,23
1117,41,2022-08-02,31
1117,41,2022-08-03,27
1117,41,2022-08-04,26
1117,41,2022-08-05,16
1117,42,2022-08-01,23
1117,42,2022-08-02,31
1117,42,2022-08-03,27
1117,42,2022-08-04,26
1117,42,2022-08-05,16
1117,43,2022-08-01,23
1117,43,2022-08-02,31
1117,43,2022-08-03,27
1117,43,2022-08-04,26
1117,43,2022-08-05,16
1117,44,2022-08-01,23
1117,44,2022-08-02,31
1117,44,2022-08-03,27
1117,44,2022-08-04,26
1117,44,2022-08-05,16
1117,51,2022-08-01,23
1117,51,2022-08-02,30
1117,51,2022-08-03,27
1117,51,2022-08-04,26
1117,51,2022-08-05,16
1117,52,2022-08-01,23
1117,52,2022-08-02,30
1117,52,2022-08-03,27
1117,52,2022-08-04,26
1117,52,2022-08-05,16
1117,53,2022-08-01,23
1117,53,2022-08-02,30
1117,53,2022-08-03,27
1117,53,2022-08-04,26
1117,53,2022-08-05,16
1120,41,2022-08-01,26
1120,41,2022-08-02,11
1120,41,2022-08-03,24
1120,41,2022-08-04,25
1120,41,2022-08-05,24
1120,41,2022-08-06,24
1120,41,2022-08-07,29
1120,42,2022-08-01,26
1120,42,2022-08-02,11
1120,42,2022-08-03,24
1120,42,2022-08-04,25
1120,42,2022-08-05,24
1120,42,2022-08-06,24
1120,42,2022-08-07,29
1120,43,2022-08-01,26
1120,43,2022-08-02,11
1120,43,2022-08-03,24
1120,43,2022-08-04,25
1120,43,2022-08-05,24
1120,43,2022-08-06,24
1120,43,2022-08-07,29
1120,44,2022-08-01,26
1120,44,2022-08-02,11
1120,44,2022-08-03,24
1120,44,2022-08-04,25
1120,44,2022-08-05,24
1120,44,2022-08-06,24
1120,44,2022-08-07,29
1120,51,2022-08-01,26
1120,51,2022-08-02,11
1120,51,2022-08-03,24
1120,51,2022-08-04,25
1120,51,2022-08-05,24
1120,51,2022-08-06,24
1120,51,2022-08-07,29
1120,52,2022-08-01,26
1120,52,2022-08-02,11
1120,52,2022-08-03,24
1120,52,2022-08-04,23
1120,52,2022-08-05,24
1120,52,2022-08-06,24
1120,52,2022-08-07,29
1120,53,2022-08-01,26
1120,53,2022-08-02,11
1120,53,2022-08-03,24
1120,53,2022-08-04,25
1120,53,2022-08-05,24
1120,53,2022-08-06,24
1120,53,2022-08-07,29
1126,41,2022-08-01,11
1126,41,2022-08-02,26
1126,41,2022-08-03,25
1126,41,2022-08-04,26
1126,41,2022-08-05,22
1126,42,2022-08-01,11
1126,42,2022-08-02,26
1126,42,2022-08-03,25
1126,42,2022-08-04,26
1126,42,2022-08-05,22
1126,43,2022-08-01,11
1126,43,2022-08-02,26
1126,43,2022-08-03,25
1126,43,2022-08-04,26
1126,43,2022-08-05,22
1126,44,2022-08-01,11
1126,44,2022-08-02,26
1126,44,2022-08-03,25
1126,44,2022-08-04,26
1126,44,2022-08-05,22
1131,41,2022-08-01,24
1131,41,2022-08-02,19
1131,41,2022-08-03,24
1131,41,2022-08-04,23
1131,41,2022-08-05,24
1131,41,2022-08-07,3
1131,42,2022-08-01,24
1131,42,2022-08-02,19
1131,42,2022-08-03,24
1131,42,2022-08-04,23
1131,42,2022-08-05,24
1131,42,2022-08-07,3
1131,43,2022-08-01,24
1131,43,2022-08-02,19
1131,43,2022-08-03,24
1131,43,2022-08-04,23
1131,43,2022-08-05,24
1131,43,2022-08-07,3
1131,44,2022-08-01,24
1131,44,2022-08-02,19
1131,44,2022-08-03,24
1131,44,2022-08-04,23
1131,44,2022-08-05,24
1131,44,2022-08-07,3
1580,41,2022-08-01,19
1580,41,2022-08-02,19
1580,41,2022-08-03,19
1580,41,2022-08-04,22
1580,41,2022-08-05,21
1580,42,2022-08-01,19
1580,42,2022-08-02,19
1580,42,2022-08-03,19
1580,42,2022-08-04,22
1580,42,2022-08-05,21
1580,43,2022-08-01,19
1580,43,2022-08-02,19
1580,43,2022-08-03,19
1580,43,2022-08-04,22
1580,43,2022-08-05,21
1582,41,2022-08-05,4
1582,42,2022-08-05,3
1582,43,2022-08-05,4
1584,41,2022-08-01,1
1584,41,2022-08-02,3
1584,41,2022-08-03,1
1584,42,2022-08-01,1
1584,42,2022-08-02,3
1584,42,2022-08-03,1
1584,43,2022-08-01,1
1584,43,2022-08-02,3
1584,43,2022-08-03,1
1617,41,2022-08-01,6
1617,41,2022-08-02,4
1617,41,2022-08-03,21
1617,41,2022-08-04,20
1617,41,2022-08-05,28
1617,42,2022-08-01,6
1617,42,2022-08-02,4
1617,42,2022-08-03,21
1617,42,2022-08-04,20
1617,42,2022-08-05,28
1617,43,2022-08-01,6
1617,43,2022-08-02,4
1617,43,2022-08-03,21
1617,43,2022-08-04,20
1617,43,2022-08-05,28
1617,51,2022-08-02,2
1617,51,2022-08-04,20
1617,51,2022-08-05,28
1617,52,2022-08-02,2
1617,52,2022-08-04,20
1617,52,2022-08-05,28
1617,53,2022-08-02,2
1617,53,2022-08-04,20
1617,53,2022-08-05,28
1626,41,2022-08-01,23
1626,41,2022-08-02,1
1626,41,2022-08-03,17
1626,42,2022-08-01,23
1626,42,2022-08-02,1
1626,42,2022-08-03,17
1626,43,2022-08-01,23
1626,43,2022-08-02,1
1626,43,2022-08-03,17
1653,41,2022-08-01,16
1653,41,2022-08-02,19
1653,41,2022-08-03,3
1653,41,2022-08-04,19
1653,41,2022-08-05,9
1653,42,2022-08-01,16
1653,42,2022-08-02,19
1653,42,2022-08-03,3
1653,42,2022-08-04,19
1653,42,2022-08-05,9
1653,43,2022-08-01,16
1653,43,2022-08-02,19
1653,43,2022-08-03,3
1653,43,2022-08-04,19
1653,43,2022-08-05,9
1653,51,2022-08-01,16
1653,51,2022-08-02,19
1653,51,2022-08-03,2
1653,51,2022-08-04,19
1653,51,2022-08-05,9
1653,52,2022-08-01,16
1653,52,2022-08-02,19
1653,52,2022-08-03,3
1653,52,2022-08-04,19
1653,52,2022-08-05,9
1653,53,2022-08-01,16
1653,53,2022-08-02,19
1653,53,2022-08-03,3
1653,53,2022-08-04,19
1653,53,2022-08-05,9
1655,41,2022-08-01,21
1655,41,2022-08-02,21
1655,41,2022-08-03,19
1655,41,2022-08-04,3
1655,41,2022-08-05,2
1655,41,2022-08-07,1
1655,42,2022-08-01,21
1655,42,2022-08-02,21
1655,42,2022-08-03,19
1655,42,2022-08-04,3
1655,42,2022-08-05,2
1655,42,2022-08-07,1
1655,43,2022-08-01,21
1655,43,2022-08-02,21
1655,43,2022-08-03,19
1655,43,2022-08-04,3
1655,43,2022-08-05,2
1655,43,2022-08-07,1
1658,41,2022-08-03,4
1658,41,2022-08-05,1
1658,42,2022-08-03,4
1658,42,2022-08-05,1
1658,43,2022-08-03,4
1658,43,2022-08-05,1
1702,41,2022-08-01,26
1702,41,2022-08-02,27
1702,41,2022-08-03,22
1702,41,2022-08-04,26
1702,41,2022-08-05,26
1702,42,2022-08-01,26
1702,42,2022-08-02,27
1702,42,2022-08-03,22
1702,42,2022-08-04,26
1702,42,2022-08-05,26
1702,43,2022-08-01,26
1702,43,2022-08-02,27
1702,43,2022-08-03,22
1702,43,2022-08-04,26
1702,43,2022-08-05,26
1702,44,2022-08-01,26
1702,44,2022-08-02,27
1702,44,2022-08-03,22
1702,44,2022-08-04,26
1702,44,2022-08-05,26
1702,45,2022-08-01,26
1702,45,2022-08-02,27
1702,45,2022-08-03,22
1702,45,2022-08-04,26
1702,45,2022-08-05,26
1702,46,2022-08-01,26
1702,46,2022-08-02,27
1702,46,2022-08-03,22
1702,46,2022-08-04,26
1702,46,2022-08-05,26
1702,47,2022-08-01,26
1702,47,2022-08-02,27
1702,47,2022-08-03,22
1702,47,2022-08-04,26
1702,47,2022-08-05,26
1702,48,2022-08-01,26
1702,48,2022-08-02,27
1702,48,2022-08-03,22
1702,48,2022-08-04,26
1702,48,2022-08-05,26
1702,49,2022-08-01,26
1702,49,2022-08-02,27
1702,49,2022-08-03,22
1702,49,2022-08-04,26
1702,49,2022-08-05,26
1702,50,2022-08-01,26
1702,50,2022-08-02,27
1702,50,2022-08-03,22
1702,50,2022-08-04,26
1702,50,2022-08-05,26
1703,41,2022-08-01,27
1703,41,2022-08-02,8
1703,41,2022-08-03,24
1703,41,2022-08-04,21
1703,41,2022-08-05,24
1703,41,2022-08-06,26
1703,41,2022-08-07,56
1703,42,2022-08-01,27
1703,42,2022-08-02,8
1703,42,2022-08-03,24
1703,42,2022-08-04,21
1703,42,2022-08-05,24
1703,42,2022-08-06,26
1703,42,2022-08-07,56
1703,43,2022-08-01,27
1703,43,2022-08-02,8
1703,43,2022-08-03,24
1703,43,2022-08-04,21
1703,43,2022-08-05,24
1703,43,2022-08-06,26
1703,43,2022-08-07,56
1703,44,2022-08-01,27
1703,44,2022-08-02,8
1703,44,2022-08-03,24
1703,44,2022-08-04,21
1703,44,2022-08-05,24
1703,44,2022-08-06,26
1703,44,2022-08-07,56
1703,45,2022-08-01,27
1703,45,2022-08-02,8
1703,45,2022-08-03,24
1703,45,2022-08-04,21
1703,45,2022-08-05,24
1703,45,2022-08-06,26
1703,45,2022-08-07,56
1703,46,2022-08-01,27
1703,46,2022-08-02,8
1703,46,2022-08-03,24
1703,46,2022-08-04,21
1703,46,2022-08-05,24
1703,46,2022-08-06,26
1703,46,2022-08-07,56
1703,47,2022-08-01,27
1703,47,2022-08-02,8
1703,47,2022-08-03,24
1703,47,2022-08-04,21
1703,47,2022-08-05,24
1703,47,2022-08-06,26
1703,47,2022-08-07,56
1703,48,2022-08-01,27
1703,48,2022-08-02,8
1703,48,2022-08-03,24
1703,48,2022-08-04,21
1703,48,2022-08-05,24
1703,48,2022-08-06,26
1703,48,2022-08-07,56
1703,49,2022-08-01,27
1703,49,2022-08-02,8
1703,49,2022-08-03,24
1703,49,2022-08-04,21
1703,49,2022-08-05,24
1703,49,2022-08-06,26
1703,49,2022-08-07,56
1703,50,2022-08-01,27
1703,50,2022-08-02,8
1703,50,2022-08-03,24
1703,50,2022-08-04,21
1703,50,2022-08-05,24
1703,50,2022-08-06,26
1703,50,2022-08-07,56
1704,41,2022-08-01,27
1704,41,2022-08-02,21
1704,41,2022-08-03,25
1704,41,2022-08-04,25
1704,41,2022-08-05,152
1704,41,2022-08-06,129
1704,41,2022-08-07,7
1704,42,2022-08-01,27
1704,42,2022-08-02,21
1704,42,2022-08-03,25
1704,42,2022-08-04,25
1704,42,2022-08-05,152
1704,42,2022-08-06,129
1704,42,2022-08-07,7
1704,43,2022-08-01,27
1704,43,2022-08-02,21
1704,43,2022-08-03,25
1704,43,2022-08-04,25
1704,43,2022-08-05,152
1704,43,2022-08-06,129
1704,43,2022-08-07,7
1704,44,2022-08-01,27
1704,44,2022-08-02,21
1704,44,2022-08-03,25
1704,44,2022-08-04,25
1704,44,2022-08-05,152
1704,44,2022-08-06,129
1704,44,2022-08-07,7
1704,45,2022-08-01,27
1704,45,2022-08-02,21
1704,45,2022-08-03,25
1704,45,2022-08-04,25
1704,45,2022-08-05,152
1704,45,2022-08-06,129
1704,45,2022-08-07,7
1704,46,2022-08-01,27
1704,46,2022-08-02,21
1704,46,2022-08-03,25
1704,46,2022-08-04,25
1704,46,2022-08-05,152
1704,46,2022-08-06,129
1704,46,2022-08-07,7
1704,47,2022-08-01,27
1704,47,2022-08-02,21
1704,47,2022-08-03,25
1704,47,2022-08-04,25
1704,47,2022-08-05,152
1704,47,2022-08-06,129
1704,47,2022-08-07,7
1704,48,2022-08-01,27
1704,48,2022-08-02,21
1704,48,2022-08-03,25
1704,48,2022-08-04,25
1704,48,2022-08-05,152
1704,48,2022-08-06,129
1704,48,2022-08-07,7
1704,49,2022-08-01,27
1704,49,2022-08-02,21
1704,49,2022-08-03,25
1704,49,2022-08-04,25
1704,49,2022-08-05,152
1704,49,2022-08-06,129
1704,49,2022-08-07,7
1704,50,2022-08-01,27
1704,50,2022-08-02,21
1704,50,2022-08-03,25
1704,50,2022-08-04,25
1704,50,2022-08-05,152
1704,50,2022-08-06,129
1704,50,2022-08-07,7
1705,41,2022-08-01,25
1705,41,2022-08-02,22
1705,41,2022-08-03,25
1705,41,2022-08-04,25
1705,41,2022-08-05,25
1705,41,2022-08-06,24
1705,41,2022-08-07,15
1705,42,2022-08-01,25
1705,42,2022-08-02,22
1705,42,2022-08-03,25
1705,42,2022-08-04,25
1705,42,2022-08-05,25
1705,42,2022-08-06,24
1705,42,2022-08-07,15
1705,43,2022-08-01,25
1705,43,2022-08-02,22
1705,43,2022-08-03,25
1705,43,2022-08-04,25
1705,43,2022-08-05,25
1705,43,2022-08-06,24
1705,43,2022-08-07,15
1705,44,2022-08-01,25
1705,44,2022-08-02,22
1705,44,2022-08-03,25
1705,44,2022-08-04,25
1705,44,2022-08-05,25
1705,44,2022-08-06,24
1705,44,2022-08-07,15
1705,45,2022-08-01,25
1705,45,2022-08-02,22
1705,45,2022-08-03,25
1705,45,2022-08-04,25
1705,45,2022-08-05,25
1705,45,2022-08-06,24
1705,45,2022-08-07,15
1705,46,2022-08-01,25
1705,46,2022-08-02,22
1705,46,2022-08-03,25
1705,46,2022-08-04,25
1705,46,2022-08-05,25
1705,46,2022-08-06,24
1705,46,2022-08-07,15
1705,47,2022-08-01,25
1705,47,2022-08-02,22
1705,47,2022-08-03,25
1705,47,2022-08-04,25
1705,47,2022-08-05,25
1705,47,2022-08-06,24
1705,47,2022-08-07,15
1705,48,2022-08-01,25
1705,48,2022-08-02,22
1705,48,2022-08-03,25
1705,48,2022-08-04,25
1705,48,2022-08-05,25
1705,48,2022-08-06,24
1705,48,2022-08-07,15
1705,49,2022-08-01,25
1705,49,2022-08-02,22
1705,49,2022-08-03,25
1705,49,2022-08-04,25
1705,49,2022-08-05,25
1705,49,2022-08-06,24
1705,49,2022-08-07,15
1705,50,2022-08-01,25
1705,50,2022-08-02,22
1705,50,2022-08-03,25
1705,50,2022-08-04,25
1705,50,2022-08-05,25
1705,50,2022-08-06,24
1705,50,2022-08-07,15
1708,41,2022-08-01,22
1708,41,2022-08-02,25
1708,41,2022-08-03,22
1708,41,2022-08-04,26
1708,41,2022-08-05,21
1708,41,2022-08-06,24
1708,41,2022-08-07,24
1708,42,2022-08-01,22
1708,42,2022-08-02,25
1708,42,2022-08-03,22
1708,42,2022-08-04,26
1708,42,2022-08-05,21
1708,42,2022-08-06,24
1708,42,2022-08-07,24
1708,43,2022-08-01,22
1708,43,2022-08-02,25
1708,43,2022-08-03,22
1708,43,2022-08-04,26
1708,43,2022-08-05,21
1708,43,2022-08-06,24
1708,43,2022-08-07,24
1708,44,2022-08-01,22
1708,44,2022-08-02,25
1708,44,2022-08-03,22
1708,44,2022-08-04,26
1708,44,2022-08-05,21
1708,44,2022-08-06,24
1708,44,2022-08-07,24
1708,45,2022-08-01,22
1708,45,2022-08-02,25
1708,45,2022-08-03,22
1708,45,2022-08-04,26
1708,45,2022-08-05,21
1708,45,2022-08-06,24
1708,45,2022-08-07,24
1708,46,2022-08-01,22
1708,46,2022-08-02,25
1708,46,2022-08-03,22
1708,46,2022-08-04,26
1708,46,2022-08-05,21
1708,46,2022-08-06,24
1708,46,2022-08-07,24
1708,47,2022-08-01,22
1708,47,2022-08-02,25
1708,47,2022-08-03,22
1708,47,2022-08-04,26
1708,47,2022-08-05,21
1708,47,2022-08-06,24
1708,47,2022-08-07,24
1708,48,2022-08-01,22
1708,48,2022-08-02,25
1708,48,2022-08-03,22
1708,48,2022-08-04,26
1708,48,2022-08-05,21
1708,48,2022-08-06,24
1708,48,2022-08-07,24
1708,49,2022-08-01,22
1708,49,2022-08-02,25
1708,49,2022-08-03,22
1708,49,2022-08-04,26
1708,49,2022-08-05,21
1708,49,2022-08-06,24
1708,49,2022-08-07,24
1708,50,2022-08-01,22
1708,50,2022-08-02,25
1708,50,2022-08-03,22
1708,50,2022-08-04,26
1708,50,2022-08-05,21
1708,50,2022-08-06,24
1708,50,2022-08-07,24
1709,41,2022-08-01,23
1709,41,2022-08-02,25
1709,41,2022-08-03,22
1709,41,2022-08-04,7
1709,41,2022-08-05,4
1709,41,2022-08-06,1
1709,41,2022-08-07,8
1709,42,2022-08-01,23
1709,42,2022-08-02,25
1709,42,2022-08-03,22
1709,42,2022-08-04,7
1709,42,2022-08-05,4
1709,42,2022-08-06,1
1709,42,2022-08-07,8
1709,43,2022-08-01,23
1709,43,2022-08-02,25
1709,43,2022-08-03,22
1709,43,2022-08-04,7
1709,43,2022-08-05,4
1709,43,2022-08-06,1
1709,43,2022-08-07,8
1709,44,2022-08-01,23
1709,44,2022-08-02,25
1709,44,2022-08-03,22
1709,44,2022-08-04,7
1709,44,2022-08-05,4
1709,44,2022-08-06,1
1709,44,2022-08-07,8
1709,46,2022-08-01,23
1709,46,2022-08-02,25
1709,46,2022-08-03,22
1709,46,2022-08-04,7
1709,46,2022-08-05,4
1709,46,2022-08-06,1
1709,46,2022-08-07,8
1709,47,2022-08-01,23
1709,47,2022-08-02,25
1709,47,2022-08-03,22
1709,47,2022-08-04,7
1709,47,2022-08-05,4
1709,47,2022-08-06,1
1709,47,2022-08-07,8
1709,48,2022-08-01,23
1709,48,2022-08-02,25
1709,48,2022-08-03,22
1709,48,2022-08-04,7
1709,48,2022-08-05,4
1709,48,2022-08-06,1
1709,48,2022-08-07,8
1709,49,2022-08-01,23
1709,49,2022-08-02,25
1709,49,2022-08-03,22
1709,49,2022-08-04,7
1709,49,2022-08-05,4
1709,49,2022-08-06,1
1709,49,2022-08-07,8
1709,50,2022-08-01,23
1709,50,2022-08-02,25
1709,50,2022-08-03,22
1709,50,2022-08-04,7
1709,50,2022-08-05,4
1709,50,2022-08-06,1
1709,50,2022-08-07,8
1710,41,2022-08-02,3
1710,41,2022-08-03,56
1710,41,2022-08-04,25
1710,41,2022-08-05,22
1710,41,2022-08-06,16
1710,41,2022-08-07,25
1710,42,2022-08-02,3
1710,42,2022-08-03,56
1710,42,2022-08-04,25
1710,42,2022-08-05,22
1710,42,2022-08-06,16
1710,42,2022-08-07,25
1710,43,2022-08-02,3
1710,43,2022-08-03,56
1710,43,2022-08-04,25
1710,43,2022-08-05,22
1710,43,2022-08-06,16
1710,43,2022-08-07,25
1710,44,2022-08-02,3
1710,44,2022-08-03,56
1710,44,2022-08-04,25
1710,44,2022-08-05,21
1710,44,2022-08-06,16
1710,44,2022-08-07,11
1710,45,2022-08-02,3
1710,45,2022-08-03,56
1710,45,2022-08-04,25
1710,45,2022-08-05,22
1710,45,2022-08-06,16
1710,45,2022-08-07,25
1710,46,2022-08-02,3
1710,46,2022-08-03,56
1710,46,2022-08-04,25
1710,46,2022-08-05,22
1710,46,2022-08-06,16
1710,46,2022-08-07,25
1710,47,2022-08-02,3
1710,47,2022-08-03,56
1710,47,2022-08-04,25
1710,47,2022-08-05,22
1710,47,2022-08-06,16
1710,47,2022-08-07,25
1710,48,2022-08-02,3
1710,48,2022-08-03,56
1710,48,2022-08-04,25
1710,48,2022-08-05,22
1710,48,2022-08-06,16
1710,48,2022-08-07,25
1710,49,2022-08-02,3
1710,49,2022-08-03,56
1710,49,2022-08-04,25
1710,49,2022-08-05,22
1710,49,2022-08-06,16
1710,49,2022-08-07,25
1710,50,2022-08-02,3
1710,50,2022-08-03,56
1710,50,2022-08-04,25
1710,50,2022-08-05,22
1710,50,2022-08-06,16
1710,50,2022-08-07,25
1711,41,2022-08-01,28
1711,41,2022-08-02,17
1711,41,2022-08-03,22
1711,41,2022-08-04,10
1711,41,2022-08-05,25
1711,41,2022-08-06,25
1711,41,2022-08-07,9
1711,42,2022-08-01,28
1711,42,2022-08-02,17
1711,42,2022-08-03,22
1711,42,2022-08-04,10
1711,42,2022-08-05,25
1711,42,2022-08-06,25
1711,42,2022-08-07,9
1711,43,2022-08-01,28
1711,43,2022-08-02,17
1711,43,2022-08-03,22
1711,43,2022-08-04,10
1711,43,2022-08-05,25
1711,43,2022-08-06,25
1711,43,2022-08-07,9
1711,44,2022-08-01,28
1711,44,2022-08-02,17
1711,44,2022-08-03,22
1711,44,2022-08-04,10
1711,44,2022-08-05,25
1711,44,2022-08-06,25
1711,44,2022-08-07,9
1711,45,2022-08-01,28
1711,45,2022-08-02,17
1711,45,2022-08-03,22
1711,45,2022-08-04,10
1711,45,2022-08-05,25
1711,45,2022-08-06,25
1711,45,2022-08-07,9
1711,46,2022-08-01,28
1711,46,2022-08-02,17
1711,46,2022-08-03,22
1711,46,2022-08-04,10
1711,46,2022-08-05,25
1711,46,2022-08-06,25
1711,46,2022-08-07,9
1711,47,2022-08-01,28
1711,47,2022-08-02,17
1711,47,2022-08-03,22
1711,47,2022-08-04,10
1711,47,2022-08-05,25
1711,47,2022-08-06,25
1711,47,2022-08-07,9
1711,48,2022-08-01,28
1711,48,2022-08-02,17
1711,48,2022-08-03,22
1711,48,2022-08-04,10
1711,48,2022-08-05,25
1711,48,2022-08-06,25
1711,48,2022-08-07,9
1711,49,2022-08-01,28
1711,49,2022-08-02,17
1711,49,2022-08-03,22
1711,49,2022-08-04,10
1711,49,2022-08-05,25
1711,49,2022-08-06,25
1711,49,2022-08-07,9
1711,50,2022-08-01,28
1711,50,2022-08-02,17
1711,50,2022-08-03,22
1711,50,2022-08-04,10
1711,50,2022-08-05,25
1711,50,2022-08-06,25
1711,50,2022-08-07,9
1712,41,2022-08-01,25
1712,41,2022-08-02,22
1712,41,2022-08-03,30
1712,41,2022-08-04,25
1712,41,2022-08-05,30
1712,41,2022-08-06,24
1712,41,2022-08-07,23
1712,42,2022-08-01,25
1712,42,2022-08-02,22
1712,42,2022-08-03,30
1712,42,2022-08-04,25
1712,42,2022-08-05,30
1712,42,2022-08-06,24
1712,42,2022-08-07,23
1712,43,2022-08-01,25
1712,43,2022-08-02,22
1712,43,2022-08-03,30
1712,43,2022-08-04,25
1712,43,2022-08-05,30
1712,43,2022-08-06,24
1712,43,2022-08-07,23
1712,44,2022-08-01,25
1712,44,2022-08-02,22
1712,44,2022-08-03,30
1712,44,2022-08-04,25
1712,44,2022-08-05,30
1712,44,2022-08-06,24
1712,44,2022-08-07,23
1712,45,2022-08-01,25
1712,45,2022-08-02,22
1712,45,2022-08-03,30
1712,45,2022-08-04,25
1712,45,2022-08-05,30
1712,45,2022-08-06,24
1712,45,2022-08-07,23
1712,46,2022-08-01,25
1712,46,2022-08-02,22
1712,46,2022-08-03,30
1712,46,2022-08-04,25
1712,46,2022-08-05,30
1712,46,2022-08-06,24
1712,46,2022-08-07,23
1712,47,2022-08-01,25
1712,47,2022-08-02,22
1712,47,2022-08-03,30
1712,47,2022-08-04,25
1712,47,2022-08-05,30
1712,47,2022-08-06,24
1712,47,2022-08-07,23
1712,48,2022-08-01,25
1712,48,2022-08-02,22
1712,48,2022-08-03,30
1712,48,2022-08-04,25
1712,48,2022-08-05,30
1712,48,2022-08-06,24
1712,48,2022-08-07,23
1712,49,2022-08-01,25
1712,49,2022-08-02,22
1712,49,2022-08-03,30
1712,49,2022-08-04,25
1712,49,2022-08-05,30
1712,49,2022-08-06,24
1712,49,2022-08-07,23
1712,50,2022-08-01,25
1712,50,2022-08-02,22
1712,50,2022-08-03,30
1712,50,2022-08-04,25
1712,50,2022-08-05,30
1712,50,2022-08-06,24
1712,50,2022-08-07,23
1713,41,2022-08-01,25
1713,41,2022-08-02,27
1713,41,2022-08-03,96
1713,41,2022-08-04,25
1713,41,2022-08-05,27
1713,41,2022-08-06,19
1713,41,2022-08-07,27
1713,42,2022-08-01,25
1713,42,2022-08-02,27
1713,42,2022-08-03,96
1713,42,2022-08-04,25
1713,42,2022-08-05,27
1713,42,2022-08-06,19
1713,42,2022-08-07,27
1713,43,2022-08-01,25
1713,43,2022-08-02,27
1713,43,2022-08-03,96
1713,43,2022-08-04,25
1713,43,2022-08-05,27
1713,43,2022-08-06,19
1713,43,2022-08-07,27
1713,44,2022-08-01,25
1713,44,2022-08-02,27
1713,44,2022-08-03,96
1713,44,2022-08-04,25
1713,44,2022-08-05,27
1713,44,2022-08-06,19
1713,44,2022-08-07,27
1713,45,2022-08-01,25
1713,45,2022-08-02,27
1713,45,2022-08-03,96
1713,45,2022-08-04,25
1713,45,2022-08-05,27
1713,45,2022-08-06,19
1713,45,2022-08-07,27
1713,46,2022-08-01,25
1713,46,2022-08-02,27
1713,46,2022-08-03,96
1713,46,2022-08-04,25
1713,46,2022-08-05,27
1713,46,2022-08-06,19
1713,46,2022-08-07,27
1713,47,2022-08-01,25
1713,47,2022-08-02,27
1713,47,2022-08-03,96
1713,47,2022-08-04,25
1713,47,2022-08-05,27
1713,47,2022-08-06,19
1713,47,2022-08-07,27
1713,48,2022-08-01,25
1713,48,2022-08-02,27
1713,48,2022-08-03,96
1713,48,2022-08-04,25
1713,48,2022-08-05,27
1713,48,2022-08-06,19
1713,48,2022-08-07,27
1713,49,2022-08-01,25
1713,49,2022-08-02,27
1713,49,2022-08-03,96
1713,49,2022-08-04,25
1713,49,2022-08-05,27
1713,49,2022-08-06,19
1713,49,2022-08-07,27
1713,50,2022-08-01,25
1713,50,2022-08-02,27
1713,50,2022-08-03,96
1713,50,2022-08-04,25
1713,50,2022-08-05,27
1713,50,2022-08-06,19
1713,50,2022-08-07,27
1715,41,2022-08-01,25
1715,41,2022-08-02,152
1715,41,2022-08-03,15
1715,41,2022-08-04,22
1715,41,2022-08-05,27
1715,41,2022-08-06,26
1715,41,2022-08-07,12
1715,42,2022-08-01,25
1715,42,2022-08-02,152
1715,42,2022-08-03,15
1715,42,2022-08-04,22
1715,42,2022-08-05,27
1715,42,2022-08-06,26
1715,42,2022-08-07,12
1715,43,2022-08-01,25
1715,43,2022-08-02,152
1715,43,2022-08-03,15
1715,43,2022-08-04,22
1715,43,2022-08-05,27
1715,43,2022-08-06,26
1715,43,2022-08-07,12
1715,44,2022-08-01,25
1715,44,2022-08-02,152
1715,44,2022-08-03,15
1715,44,2022-08-04,22
1715,44,2022-08-05,27
1715,44,2022-08-06,26
1715,44,2022-08-07,12
1715,45,2022-08-01,25
1715,45,2022-08-02,152
1715,45,2022-08-03,15
1715,45,2022-08-04,22
1715,45,2022-08-05,27
1715,45,2022-08-06,26
1715,45,2022-08-07,12
1715,46,2022-08-01,25
1715,46,2022-08-02,152
1715,46,2022-08-03,15
1715,46,2022-08-04,22
1715,46,2022-08-05,27
1715,46,2022-08-06,26
1715,46,2022-08-07,12
1715,47,2022-08-01,25
1715,47,2022-08-02,152
1715,47,2022-08-03,15
1715,47,2022-08-04,22
1715,47,2022-08-05,27
1715,47,2022-08-06,26
1715,47,2022-08-07,12
1715,48,2022-08-01,25
1715,48,2022-08-02,152
1715,48,2022-08-03,15
1715,48,2022-08-04,22
1715,48,2022-08-05,27
1715,48,2022-08-06,26
1715,48,2022-08-07,12
1715,49,2022-08-01,25
1715,49,2022-08-02,152
1715,49,2022-08-03,15
1715,49,2022-08-04,22
1715,49,2022-08-05,27
1715,49,2022-08-06,26
1715,49,2022-08-07,12
1715,50,2022-08-01,25
1715,50,2022-08-02,152
1715,50,2022-08-03,15
1715,50,2022-08-04,22
1715,50,2022-08-05,27
1715,50,2022-08-06,26
1715,50,2022-08-07,12
1805,41,2022-08-01,6
1805,41,2022-08-02,6
1805,41,2022-08-03,6
1805,41,2022-08-04,14
1805,41,2022-08-05,6
1805,41,2022-08-06,6
1805,41,2022-08-07,6
1805,42,2022-08-01,1
1805,42,2022-08-04,10
1805,43,2022-08-01,1
1805,43,2022-08-04,10
1805,44,2022-08-01,1
1805,44,2022-08-04,10
1809,41,2022-08-01,6
1809,41,2022-08-02,6
1809,41,2022-08-03,6
1809,41,2022-08-04,6
1809,41,2022-08-05,45
1809,41,2022-08-06,5
1809,41,2022-08-07,7
1809,42,2022-08-01,1
1809,42,2022-08-05,2
1809,43,2022-08-01,1
1809,43,2022-08-05,44
1809,44,2022-08-01,1
1809,44,2022-08-05,44
1811,41,2022-08-01,6
1811,41,2022-08-02,5
1811,41,2022-08-03,7
1811,41,2022-08-04,6
1811,41,2022-08-05,36
1811,41,2022-08-06,6
1811,41,2022-08-07,7
1811,42,2022-08-01,1
1811,42,2022-08-05,35
1811,42,2022-08-06,1
1811,43,2022-08-01,1
1811,43,2022-08-05,35
1811,43,2022-08-06,1
1811,44,2022-08-01,1
1811,44,2022-08-05,35
1811,44,2022-08-06,1
1814,41,2022-08-01,6
1814,41,2022-08-02,7
1814,41,2022-08-03,7
1814,41,2022-08-04,6
1814,41,2022-08-05,6
1814,41,2022-08-06,6
1814,41,2022-08-07,6
1814,42,2022-08-01,1
1814,42,2022-08-02,1
1814,42,2022-08-03,1
1814,42,2022-08-04,1
1814,43,2022-08-01,1
1814,43,2022-08-02,1
1814,43,2022-08-03,1
1814,43,2022-08-04,1
1814,44,2022-08-01,1
1814,44,2022-08-02,1
1814,44,2022-08-03,1
1814,44,2022-08-04,1
1817,41,2022-08-01,36
1817,41,2022-08-02,38
1817,41,2022-08-03,31
1817,41,2022-08-04,38
1817,41,2022-08-05,40
1817,41,2022-08-06,6
1817,41,2022-08-07,6
1817,42,2022-08-01,34
1817,42,2022-08-02,36
1817,42,2022-08-03,30
1817,42,2022-08-04,37
1817,42,2022-08-05,39
1817,43,2022-08-01,1
1817,43,2022-08-02,2
1817,43,2022-08-03,16
1817,43,2022-08-04,22
1817,43,2022-08-05,22
1817,44,2022-08-01,34
1817,44,2022-08-02,36
1817,44,2022-08-03,30
1817,44,2022-08-04,37
1817,44,2022-08-05,39
1930,41,2022-08-01,23
1930,41,2022-08-02,27
1930,41,2022-08-03,26
1930,41,2022-08-04,29
1930,41,2022-08-05,27
1930,41,2022-08-06,25
1930,41,2022-08-07,21
1930,42,2022-08-01,20
1930,42,2022-08-02,26
1930,42,2022-08-03,24
1930,42,2022-08-04,27
1930,42,2022-08-05,26
1930,42,2022-08-06,24
1930,42,2022-08-07,20
1930,43,2022-08-01,20
1930,43,2022-08-02,26
1930,43,2022-08-03,24
1930,43,2022-08-04,27
1930,43,2022-08-05,26
1930,43,2022-08-06,24
1930,43,2022-08-07,20
1930,44,2022-08-01,20
1930,44,2022-08-02,26
1930,44,2022-08-03,24
1930,44,2022-08-04,27
1930,44,2022-08-05,26
1930,44,2022-08-06,24
1930,44,2022-08-07,20
1930,45,2022-08-01,20
1930,45,2022-08-02,26
1930,45,2022-08-03,24
1930,45,2022-08-04,27
1930,45,2022-08-05,26
1930,45,2022-08-06,24
1930,45,2022-08-07,20
1930,46,2022-08-01,20
1930,46,2022-08-02,26
1930,46,2022-08-03,24
1930,46,2022-08-04,27
1930,46,2022-08-05,26
1930,46,2022-08-06,24
1930,46,2022-08-07,20
1931,41,2022-08-01,26
1931,41,2022-08-02,7
1931,41,2022-08-03,27
1931,41,2022-08-04,27
1931,41,2022-08-05,23
1931,41,2022-08-06,26
1931,41,2022-08-07,31
1931,42,2022-08-01,23
1931,42,2022-08-02,4
1931,42,2022-08-03,26
1931,42,2022-08-04,25
1931,42,2022-08-05,21
1931,42,2022-08-06,23
1931,42,2022-08-07,29
1931,43,2022-08-01,23
1931,43,2022-08-02,4
1931,43,2022-08-03,26
1931,43,2022-08-04,25
1931,43,2022-08-05,21
1931,43,2022-08-06,23
1931,43,2022-08-07,29
1931,44,2022-08-01,23
1931,44,2022-08-02,4
1931,44,2022-08-03,26
1931,44,2022-08-04,25
1931,44,2022-08-05,21
1931,44,2022-08-06,23
1931,44,2022-08-07,29
1931,45,2022-08-01,23
1931,45,2022-08-02,4
1931,45,2022-08-03,26
1931,45,2022-08-04,25
1931,45,2022-08-05,21
1931,45,2022-08-06,23
1931,45,2022-08-07,29
1931,46,2022-08-01,23
1931,46,2022-08-02,4
1931,46,2022-08-03,26
1931,46,2022-08-04,25
1931,46,2022-08-05,21
1931,46,2022-08-06,23
1931,46,2022-08-07,29
1932,41,2022-08-01,28
1932,41,2022-08-02,25
1932,41,2022-08-03,26
1932,41,2022-08-04,19
1932,41,2022-08-05,8
1932,41,2022-08-06,18
1932,41,2022-08-07,23
1932,42,2022-08-01,27
1932,42,2022-08-02,23
1932,42,2022-08-03,25
1932,42,2022-08-04,17
1932,42,2022-08-05,3
1932,42,2022-08-06,15
1932,42,2022-08-07,21
1932,43,2022-08-01,27
1932,43,2022-08-02,23
1932,43,2022-08-03,25
1932,43,2022-08-04,17
1932,43,2022-08-05,3
1932,43,2022-08-06,15
1932,43,2022-08-07,21
1932,44,2022-08-01,27
1932,44,2022-08-02,23
1932,44,2022-08-03,25
1932,44,2022-08-04,17
1932,44,2022-08-05,3
1932,44,2022-08-06,15
1932,44,2022-08-07,21
1932,45,2022-08-01,27
1932,45,2022-08-02,23
1932,45,2022-08-03,25
1932,45,2022-08-04,17
1932,45,2022-08-05,3
1932,45,2022-08-06,15
1932,45,2022-08-07,21
1932,46,2022-08-01,27
1932,46,2022-08-02,23
1932,46,2022-08-03,25
1932,46,2022-08-04,17
1932,46,2022-08-05,3
1932,46,2022-08-06,15
1932,46,2022-08-07,21
1933,41,2022-08-01,23
1933,41,2022-08-02,24
1933,41,2022-08-03,6
1933,41,2022-08-04,20
1933,41,2022-08-05,5
1933,41,2022-08-06,27
1933,41,2022-08-07,29
1933,42,2022-08-01,20
1933,42,2022-08-02,22
1933,42,2022-08-03,2
1933,42,2022-08-04,17
1933,42,2022-08-05,1
1933,42,2022-08-06,26
1933,42,2022-08-07,26
1933,43,2022-08-01,20
1933,43,2022-08-02,22
1933,43,2022-08-03,2
1933,43,2022-08-04,17
1933,43,2022-08-05,1
1933,43,2022-08-06,26
1933,43,2022-08-07,26
1933,44,2022-08-01,20
1933,44,2022-08-02,22
1933,44,2022-08-03,2
1933,44,2022-08-04,17
1933,44,2022-08-05,1
1933,44,2022-08-06,26
1933,44,2022-08-07,26
1933,45,2022-08-01,20
1933,45,2022-08-02,22
1933,45,2022-08-03,2
1933,45,2022-08-04,17
1933,45,2022-08-05,1
1933,45,2022-08-06,26
1933,45,2022-08-07,26
1933,46,2022-08-01,20
1933,46,2022-08-02,22
1933,46,2022-08-03,2
1933,46,2022-08-04,17
1933,46,2022-08-05,1
1933,46,2022-08-06,26
1933,46,2022-08-07,26
1934,41,2022-08-01,9
1934,41,2022-08-02,25
1934,41,2022-08-03,6
1934,41,2022-08-04,29
1934,41,2022-08-05,5
1934,41,2022-08-06,30
1934,41,2022-08-07,5
1934,42,2022-08-01,8
1934,42,2022-08-02,22
1934,42,2022-08-03,2
1934,42,2022-08-04,28
1934,42,2022-08-05,1
1934,42,2022-08-06,29
1934,42,2022-08-07,2
1934,43,2022-08-01,8
1934,43,2022-08-02,22
1934,43,2022-08-03,2
1934,43,2022-08-04,28
1934,43,2022-08-05,1
1934,43,2022-08-06,29
1934,43,2022-08-07,2
1934,44,2022-08-01,8
1934,44,2022-08-02,22
1934,44,2022-08-03,2
1934,44,2022-08-04,28
1934,44,2022-08-05,1
1934,44,2022-08-06,29
1934,44,2022-08-07,2
1934,45,2022-08-01,8
1934,45,2022-08-02,22
1934,45,2022-08-03,2
1934,45,2022-08-04,28
1934,45,2022-08-05,1
1934,45,2022-08-06,29
1934,45,2022-08-07,2
1934,46,2022-08-01,8
1934,46,2022-08-02,22
1934,46,2022-08-03,2
1934,46,2022-08-04,28
1934,46,2022-08-05,1
1934,46,2022-08-06,29
1934,46,2022-08-07,2
1935,41,2022-08-01,32
1935,41,2022-08-02,18
1935,41,2022-08-03,7
1935,41,2022-08-04,27
1935,41,2022-08-05,25
1935,41,2022-08-06,26
1935,41,2022-08-07,26
1935,42,2022-08-01,31
1935,42,2022-08-02,14
1935,42,2022-08-03,3
1935,42,2022-08-04,26
1935,42,2022-08-05,22
1935,42,2022-08-06,24
1935,42,2022-08-07,25
1935,43,2022-08-01,31
1935,43,2022-08-02,14
1935,43,2022-08-03,3
1935,43,2022-08-04,26
1935,43,2022-08-05,22
1935,43,2022-08-06,24
1935,43,2022-08-07,25
1935,44,2022-08-01,31
1935,44,2022-08-02,14
1935,44,2022-08-03,3
1935,44,2022-08-04,26
1935,44,2022-08-05,22
1935,44,2022-08-06,24
1935,44,2022-08-07,25
1935,45,2022-08-01,31
1935,45,2022-08-02,14
1935,45,2022-08-03,3
1935,45,2022-08-04,26
1935,45,2022-08-05,22
1935,45,2022-08-06,24
1935,45,2022-08-07,25
1935,46,2022-08-01,31
1935,46,2022-08-02,14
1935,46,2022-08-03,3
1935,46,2022-08-04,26
1935,46,2022-08-05,22
1935,46,2022-08-06,24
1935,46,2022-08-07,25
1936,41,2022-08-01,26
1936,41,2022-08-02,27
1936,41,2022-08-03,5
1936,41,2022-08-04,29
1936,41,2022-08-05,26
1936,41,2022-08-06,7
1936,41,2022-08-07,30
1936,42,2022-08-01,24
1936,42,2022-08-02,26
1936,42,2022-08-03,2
1936,42,2022-08-04,27
1936,42,2022-08-05,25
1936,42,2022-08-07,29
1936,43,2022-08-01,24
1936,43,2022-08-02,26
1936,43,2022-08-03,2
1936,43,2022-08-04,27
1936,43,2022-08-05,25
1936,43,2022-08-07,29
1936,44,2022-08-01,24
1936,44,2022-08-02,26
1936,44,2022-08-03,2
1936,44,2022-08-04,27
1936,44,2022-08-05,25
1936,44,2022-08-07,29
1936,45,2022-08-01,24
1936,45,2022-08-02,26
1936,45,2022-08-03,2
1936,45,2022-08-04,27
1936,45,2022-08-05,25
1936,45,2022-08-07,29
1936,46,2022-08-01,24
1936,46,2022-08-02,26
1936,46,2022-08-03,2
1936,46,2022-08-04,27
1936,46,2022-08-05,25
1936,46,2022-08-07,29
1937,41,2022-08-01,26
1937,41,2022-08-02,6
1937,41,2022-08-03,26
1937,41,2022-08-04,24
1937,41,2022-08-05,28
1937,41,2022-08-06,58
1937,41,2022-08-07,26
1937,42,2022-08-01,24
1937,42,2022-08-02,2
1937,42,2022-08-03,25
1937,42,2022-08-04,24
1937,42,2022-08-05,25
1937,42,2022-08-06,56
1937,42,2022-08-07,25
1937,43,2022-08-01,24
1937,43,2022-08-02,2
1937,43,2022-08-03,25
1937,43,2022-08-04,24
1937,43,2022-08-05,25
1937,43,2022-08-06,56
1937,43,2022-08-07,25
1937,44,2022-08-01,24
1937,44,2022-08-02,2
1937,44,2022-08-03,25
1937,44,2022-08-04,24
1937,44,2022-08-05,25
1937,44,2022-08-06,56
1937,44,2022-08-07,25
1937,45,2022-08-01,24
1937,45,2022-08-02,2
1937,45,2022-08-03,25
1937,45,2022-08-04,24
1937,45,2022-08-05,25
1937,45,2022-08-06,56
1937,45,2022-08-07,25
1937,46,2022-08-01,24
1937,46,2022-08-02,2
1937,46,2022-08-03,25
1937,46,2022-08-04,24
1937,46,2022-08-05,25
1937,46,2022-08-06,56
1937,46,2022-08-07,25
1938,41,2022-08-01,29
1938,41,2022-08-02,28
1938,41,2022-08-03,28
1938,41,2022-08-04,25
1938,41,2022-08-05,25
1938,41,2022-08-06,11
1938,41,2022-08-07,15
1938,42,2022-08-01,28
1938,42,2022-08-02,27
1938,42,2022-08-03,27
1938,42,2022-08-04,24
1938,42,2022-08-05,23
1938,42,2022-08-06,6
1938,42,2022-08-07,9
1938,43,2022-08-01,28
1938,43,2022-08-02,27
1938,43,2022-08-03,27
1938,43,2022-08-04,24
1938,43,2022-08-05,23
1938,43,2022-08-06,6
1938,43,2022-08-07,9
1938,44,2022-08-01,28
1938,44,2022-08-02,27
1938,44,2022-08-03,27
1938,44,2022-08-04,24
1938,44,2022-08-05,23
1938,44,2022-08-06,6
1938,44,2022-08-07,9
1938,45,2022-08-01,28
1938,45,2022-08-02,27
1938,45,2022-08-03,27
1938,45,2022-08-04,24
1938,45,2022-08-05,23
1938,45,2022-08-06,6
1938,45,2022-08-07,9
1938,46,2022-08-01,28
1938,46,2022-08-02,27
1938,46,2022-08-03,27
1938,46,2022-08-04,24
1938,46,2022-08-05,23
1938,46,2022-08-06,6
1938,46,2022-08-07,9
1939,41,2022-08-01,28
1939,41,2022-08-02,26
1939,41,2022-08-03,28
1939,41,2022-08-04,29
1939,41,2022-08-05,25
1939,41,2022-08-06,20
1939,41,2022-08-07,27
1939,42,2022-08-01,27
1939,42,2022-08-02,25
1939,42,2022-08-03,27
1939,42,2022-08-04,28
1939,42,2022-08-05,23
1939,42,2022-08-06,17
1939,42,2022-08-07,25
1939,43,2022-08-01,27
1939,43,2022-08-02,25
1939,43,2022-08-03,27
1939,43,2022-08-04,28
1939,43,2022-08-05,23
1939,43,2022-08-06,17
1939,43,2022-08-07,25
1939,44,2022-08-01,27
1939,44,2022-08-02,25
1939,44,2022-08-03,27
1939,44,2022-08-04,28
1939,44,2022-08-05,23
1939,44,2022-08-06,17
1939,44,2022-08-07,25
1939,45,2022-08-01,27
1939,45,2022-08-02,25
1939,45,2022-08-03,27
1939,45,2022-08-04,28
1939,45,2022-08-05,23
1939,45,2022-08-06,17
1939,45,2022-08-07,25
1939,46,2022-08-01,27
1939,46,2022-08-02,25
1939,46,2022-08-03,27
1939,46,2022-08-04,28
1939,46,2022-08-05,23
1939,46,2022-08-06,17
1939,46,2022-08-07,25
2001,41,2022-08-01,21
2001,41,2022-08-02,5
2001,41,2022-08-03,22
2001,41,2022-08-04,20
2001,41,2022-08-05,18
2001,41,2022-08-06,17
2001,41,2022-08-07,24
2001,42,2022-08-01,21
2001,42,2022-08-02,5
2001,42,2022-08-03,22
2001,42,2022-08-04,20
2001,42,2022-08-05,18
2001,42,2022-08-06,17
2001,42,2022-08-07,24
2001,43,2022-08-01,21
2001,43,2022-08-02,5
2001,43,2022-08-03,22
2001,43,2022-08-04,20
2001,43,2022-08-05,18
2001,43,2022-08-06,17
2001,43,2022-08-07,24
2001,44,2022-08-01,21
2001,44,2022-08-02,5
2001,44,2022-08-03,22
2001,44,2022-08-04,20
2001,44,2022-08-05,18
2001,44,2022-08-06,17
2001,44,2022-08-07,24
2002,41,2022-08-01,14
2002,41,2022-08-02,23
2002,41,2022-08-03,23
2002,41,2022-08-04,16
2002,41,2022-08-05,16
2002,41,2022-08-06,18
2002,41,2022-08-07,18
2002,42,2022-08-01,14
2002,42,2022-08-02,23
2002,42,2022-08-03,23
2002,42,2022-08-04,16
2002,42,2022-08-05,16
2002,42,2022-08-06,18
2002,42,2022-08-07,18
2002,43,2022-08-01,14
2002,43,2022-08-02,23
2002,43,2022-08-03,23
2002,43,2022-08-04,16
2002,43,2022-08-05,16
2002,43,2022-08-06,18
2002,43,2022-08-07,18
2002,44,2022-08-01,14
2002,44,2022-08-02,23
2002,44,2022-08-03,23
2002,44,2022-08-04,16
2002,44,2022-08-05,16
2002,44,2022-08-06,18
2002,44,2022-08-07,18
2003,41,2022-08-01,27
2003,41,2022-08-02,20
2003,41,2022-08-03,24
2003,41,2022-08-04,19
2003,41,2022-08-05,26
2003,41,2022-08-06,21
2003,41,2022-08-07,12
2003,42,2022-08-01,27
2003,42,2022-08-02,20
2003,42,2022-08-03,24
2003,42,2022-08-04,19
2003,42,2022-08-05,26
2003,42,2022-08-06,21
2003,42,2022-08-07,12
2003,43,2022-08-01,27
2003,43,2022-08-02,20
2003,43,2022-08-03,24
2003,43,2022-08-04,19
2003,43,2022-08-05,26
2003,43,2022-08-06,21
2003,43,2022-08-07,12
2003,44,2022-08-01,27
2003,44,2022-08-02,20
2003,44,2022-08-03,24
2003,44,2022-08-04,19
2003,44,2022-08-05,26
2003,44,2022-08-06,21
2003,44,2022-08-07,12
2004,41,2022-08-01,8
2004,41,2022-08-02,2
2004,41,2022-08-03,1
2004,41,2022-08-04,1
2004,42,2022-08-01,8
2004,42,2022-08-02,2
2004,42,2022-08-03,1
2004,42,2022-08-04,1
2004,43,2022-08-01,8
2004,43,2022-08-02,2
2004,43,2022-08-03,1
2004,43,2022-08-04,1
2004,44,2022-08-01,8
2004,44,2022-08-02,2
2004,44,2022-08-03,1
2004,44,2022-08-04,1
2005,41,2022-08-01,23
2005,41,2022-08-02,10
2005,41,2022-08-05,1
2005,42,2022-08-01,23
2005,42,2022-08-02,10
2005,42,2022-08-05,1
2005,43,2022-08-01,23
2005,43,2022-08-02,10
2005,43,2022-08-05,1
2005,44,2022-08-01,23
2005,44,2022-08-02,10
2005,44,2022-08-05,1
2006,41,2022-08-01,18
2006,41,2022-08-02,20
2006,41,2022-08-03,11
2006,42,2022-08-01,18
2006,42,2022-08-02,19
2006,42,2022-08-03,11
2006,43,2022-08-01,18
2006,43,2022-08-02,19
2006,43,2022-08-03,11
2006,44,2022-08-01,18
2006,44,2022-08-02,19
2006,44,2022-08-03,11
2007,41,2022-08-01,42
2007,41,2022-08-02,24
2007,41,2022-08-03,30
2007,41,2022-08-04,13
2007,41,2022-08-05,22
2007,41,2022-08-06,13
2007,41,2022-08-07,17
2007,42,2022-08-01,42
2007,42,2022-08-02,24
2007,42,2022-08-03,30
2007,42,2022-08-04,13
2007,42,2022-08-05,22
2007,42,2022-08-06,13
2007,42,2022-08-07,17
2007,43,2022-08-01,42
2007,43,2022-08-02,24
2007,43,2022-08-03,30
2007,43,2022-08-04,13
2007,43,2022-08-05,22
2007,43,2022-08-06,13
2007,43,2022-08-07,17
2007,44,2022-08-01,42
2007,44,2022-08-02,24
2007,44,2022-08-03,30
2007,44,2022-08-04,13
2007,44,2022-08-05,22
2007,44,2022-08-06,13
2007,44,2022-08-07,17
2008,41,2022-08-02,3
2008,41,2022-08-03,4
2008,41,2022-08-04,13
2008,41,2022-08-05,20
2008,41,2022-08-06,11
2008,41,2022-08-07,17
2008,42,2022-08-02,3
2008,42,2022-08-03,4
2008,42,2022-08-04,13
2008,42,2022-08-05,20
2008,42,2022-08-06,11
2008,42,2022-08-07,17
2008,43,2022-08-02,3
2008,43,2022-08-03,4
2008,43,2022-08-04,13
2008,43,2022-08-05,20
2008,43,2022-08-06,11
2008,43,2022-08-07,17
2008,44,2022-08-02,3
2008,44,2022-08-03,4
2008,44,2022-08-04,13
2008,44,2022-08-05,20
2008,44,2022-08-06,11
2008,44,2022-08-07,17
2623,41,2022-08-01,32
2623,41,2022-08-02,21
2623,41,2022-08-03,12
2623,41,2022-08-04,2
2623,42,2022-08-01,32
2623,42,2022-08-02,21
2623,42,2022-08-03,12
2623,42,2022-08-04,2
2623,43,2022-08-01,32
2623,43,2022-08-02,21
2623,43,2022-08-03,12
2623,43,2022-08-04,2
2623,44,2022-08-01,32
2623,44,2022-08-02,21
2623,44,2022-08-03,12
2623,44,2022-08-04,2
2624,41,2022-08-01,19
2624,41,2022-08-02,1
2624,41,2022-08-04,11
2624,41,2022-08-05,23
2624,41,2022-08-06,8
2624,41,2022-08-07,1
2624,42,2022-08-01,19
2624,42,2022-08-02,1
2624,42,2022-08-04,11
2624,42,2022-08-05,23
2624,42,2022-08-06,8
2624,42,2022-08-07,1
2624,43,2022-08-01,19
2624,43,2022-08-02,1
2624,43,2022-08-04,11
2624,43,2022-08-05,23
2624,43,2022-08-06,8
2624,43,2022-08-07,1
2624,44,2022-08-01,19
2624,44,2022-08-02,1
2624,44,2022-08-04,11
2624,44,2022-08-05,23
2624,44,2022-08-06,8
2624,44,2022-08-07,1
2626,41,2022-08-01,2
2626,41,2022-08-02,19
2626,41,2022-08-03,2
2626,41,2022-08-04,1
2626,41,2022-08-05,21
2626,41,2022-08-06,1
2626,42,2022-08-01,2
2626,42,2022-08-02,19
2626,42,2022-08-03,2
2626,42,2022-08-04,1
2626,42,2022-08-05,21
2626,42,2022-08-06,1
2626,43,2022-08-01,2
2626,43,2022-08-02,19
2626,43,2022-08-03,2
2626,43,2022-08-04,1
2626,43,2022-08-05,21
2626,43,2022-08-06,1
2626,44,2022-08-01,2
2626,44,2022-08-02,19
2626,44,2022-08-03,2
2626,44,2022-08-04,1
2626,44,2022-08-05,21
2626,44,2022-08-06,1
2627,41,2022-08-01,21
2627,41,2022-08-02,24
2627,41,2022-08-03,47
2627,41,2022-08-04,2
2627,41,2022-08-05,14
2627,41,2022-08-06,7
2627,41,2022-08-07,1
2627,42,2022-08-01,21
2627,42,2022-08-02,24
2627,42,2022-08-03,47
2627,42,2022-08-04,2
2627,42,2022-08-05,14
2627,42,2022-08-06,7
2627,42,2022-08-07,1
2627,43,2022-08-01,21
2627,43,2022-08-02,24
2627,43,2022-08-03,47
2627,43,2022-08-04,2
2627,43,2022-08-05,14
2627,43,2022-08-06,7
2627,43,2022-08-07,1
2627,44,2022-08-01,21
2627,44,2022-08-02,24
2627,44,2022-08-03,47
2627,44,2022-08-04,2
2627,44,2022-08-05,14
2627,44,2022-08-06,7
2627,44,2022-08-07,1
2628,41,2022-08-01,12
2628,41,2022-08-02,18
2628,41,2022-08-03,21
2628,41,2022-08-04,8
2628,41,2022-08-05,6
2628,41,2022-08-06,6
2628,41,2022-08-07,7
2628,42,2022-08-01,12
2628,42,2022-08-02,18
2628,42,2022-08-03,21
2628,42,2022-08-04,8
2628,42,2022-08-05,6
2628,42,2022-08-06,6
2628,42,2022-08-07,7
2628,43,2022-08-01,12
2628,43,2022-08-02,18
2628,43,2022-08-03,21
2628,43,2022-08-04,8
2628,43,2022-08-05,6
2628,43,2022-08-06,6
2628,43,2022-08-07,7
2628,44,2022-08-01,12
2628,44,2022-08-02,18
2628,44,2022-08-03,21
2628,44,2022-08-04,8
2628,44,2022-08-05,6
2628,44,2022-08-06,6
2628,44,2022-08-07,7
2629,41,2022-08-01,42
2629,41,2022-08-02,19
2629,41,2022-08-03,28
2629,41,2022-08-04,15
2629,41,2022-08-05,4
2629,41,2022-08-06,7
2629,41,2022-08-07,12
2629,42,2022-08-01,42
2629,42,2022-08-02,19
2629,42,2022-08-03,28
2629,42,2022-08-04,15
2629,42,2022-08-05,4
2629,42,2022-08-06,7
2629,42,2022-08-07,12
2629,43,2022-08-01,42
2629,43,2022-08-02,19
2629,43,2022-08-03,28
2629,43,2022-08-04,15
2629,43,2022-08-05,4
2629,43,2022-08-06,7
2629,43,2022-08-07,12
2629,44,2022-08-01,42
2629,44,2022-08-02,19
2629,44,2022-08-03,28
2629,44,2022-08-04,15
2629,44,2022-08-05,4
2629,44,2022-08-06,7
2629,44,2022-08-07,12
3007,41,2022-08-01,46
3007,41,2022-08-02,23
3007,41,2022-08-03,47
3007,41,2022-08-04,29
3007,41,2022-08-05,23
3007,41,2022-08-06,1
3007,42,2022-08-01,46
3007,42,2022-08-02,23
3007,42,2022-08-03,47
3007,42,2022-08-04,29
3007,42,2022-08-05,23
3007,42,2022-08-06,1
3007,43,2022-08-01,47
3007,43,2022-08-02,23
3007,43,2022-08-03,47
3007,43,2022-08-04,29
3007,43,2022-08-05,23
3007,43,2022-08-06,1
3010,41,2022-08-01,40
3010,41,2022-08-02,3
3010,41,2022-08-03,2
3010,41,2022-08-04,23
3010,41,2022-08-05,40
3010,42,2022-08-01,40
3010,42,2022-08-02,3
3010,42,2022-08-03,2
3010,42,2022-08-04,23
3010,42,2022-08-05,40
3010,43,2022-08-01,39
3010,43,2022-08-02,3
3010,43,2022-08-03,2
3010,43,2022-08-04,23
3010,43,2022-08-05,40
3011,41,2022-08-01,40
3011,41,2022-08-02,38
3011,41,2022-08-03,42
3011,41,2022-08-04,2
3011,42,2022-08-01,40
3011,42,2022-08-02,38
3011,42,2022-08-03,42
3011,42,2022-08-04,2
3011,43,2022-08-01,40
3011,43,2022-08-02,38
3011,43,2022-08-03,42
3011,43,2022-08-04,2
3021,41,2022-08-01,1
3021,41,2022-08-02,1
3021,41,2022-08-03,2
3021,41,2022-08-04,16
3021,41,2022-08-05,9
3021,41,2022-08-06,34
3021,41,2022-08-07,2
3021,42,2022-08-01,1
3021,42,2022-08-02,1
3021,42,2022-08-03,2
3021,42,2022-08-04,16
3021,42,2022-08-05,9
3021,42,2022-08-06,34
3021,42,2022-08-07,2
3021,43,2022-08-01,1
3021,43,2022-08-02,1
3021,43,2022-08-03,2
3021,43,2022-08-04,16
3021,43,2022-08-05,9
3021,43,2022-08-06,34
3021,43,2022-08-07,2
3025,41,2022-08-01,30
3025,41,2022-08-02,22
3025,41,2022-08-03,18
3025,41,2022-08-04,33
3025,41,2022-08-05,13
3025,41,2022-08-06,32
3025,41,2022-08-07,32
3025,42,2022-08-01,30
3025,42,2022-08-02,22
3025,42,2022-08-03,18
3025,42,2022-08-04,33
3025,42,2022-08-05,13
3025,42,2022-08-06,32
3025,42,2022-08-07,32
3025,43,2022-08-01,30
3025,43,2022-08-02,21
3025,43,2022-08-03,18
3025,43,2022-08-04,33
3025,43,2022-08-05,13
3025,43,2022-08-06,32
3025,43,2022-08-07,32
3061,41,2022-08-01,17
3061,41,2022-08-02,49
3061,41,2022-08-03,62
3061,41,2022-08-04,60
3061,41,2022-08-05,14
3061,41,2022-08-06,1
3061,41,2022-08-07,2
3061,42,2022-08-01,17
3061,42,2022-08-02,49
3061,42,2022-08-03,62
3061,42,2022-08-04,60
3061,42,2022-08-05,14
3061,42,2022-08-06,1
3061,42,2022-08-07,2
3061,43,2022-08-01,17
3061,43,2022-08-02,49
3061,43,2022-08-03,62
3061,43,2022-08-04,60
3061,43,2022-08-05,14
3061,43,2022-08-06,1
3061,43,2022-08-07,2
3301,41,2022-08-01,62
3301,41,2022-08-02,30
3301,41,2022-08-03,3
3301,41,2022-08-04,30
3301,41,2022-08-05,32
3301,41,2022-08-06,37
3301,41,2022-08-07,39
3301,42,2022-08-01,62
3301,42,2022-08-02,30
3301,42,2022-08-03,3
3301,42,2022-08-04,30
3301,42,2022-08-05,32
3301,42,2022-08-06,37
3301,42,2022-08-07,39
3301,43,2022-08-01,62
3301,43,2022-08-02,30
3301,43,2022-08-03,3
3301,43,2022-08-04,30
3301,43,2022-08-05,32
3301,43,2022-08-06,37
3301,43,2022-08-07,39
3306,41,2022-08-01,41
3306,41,2022-08-02,43
3306,41,2022-08-03,36
3306,41,2022-08-04,30
3306,41,2022-08-05,26
3306,41,2022-08-06,33
3306,41,2022-08-07,30
3306,42,2022-08-01,41
3306,42,2022-08-02,43
3306,42,2022-08-03,36
3306,42,2022-08-04,30
3306,42,2022-08-05,26
3306,42,2022-08-06,33
3306,42,2022-08-07,30
3306,43,2022-08-01,41
3306,43,2022-08-02,43
3306,43,2022-08-03,36
3306,43,2022-08-04,30
3306,43,2022-08-05,25
3306,43,2022-08-06,33
3306,43,2022-08-07,30
3618,41,2022-08-01,10
3618,41,2022-08-02,30
3618,41,2022-08-03,21
3618,41,2022-08-04,29
3618,41,2022-08-05,23
3618,41,2022-08-06,1
3618,42,2022-08-01,10
3618,42,2022-08-02,30
3618,42,2022-08-03,21
3618,42,2022-08-04,29
3618,42,2022-08-05,23
3618,42,2022-08-06,1
3618,43,2022-08-01,10
3618,43,2022-08-02,30
3618,43,2022-08-03,21
3618,43,2022-08-04,29
3618,43,2022-08-05,23
3618,43,2022-08-06,1
3618,44,2022-08-01,10
3618,44,2022-08-02,30
3618,44,2022-08-03,21
3618,44,2022-08-04,29
3618,44,2022-08-05,23
3618,44,2022-08-06,1
3618,45,2022-08-01,10
3618,45,2022-08-02,30
3618,45,2022-08-03,21
3618,45,2022-08-04,29
3618,45,2022-08-05,23
3618,45,2022-08-06,1
3620,41,2022-08-01,13
3620,41,2022-08-02,10
3620,41,2022-08-03,25
3620,41,2022-08-04,23
3620,41,2022-08-05,18
3620,42,2022-08-01,13
3620,42,2022-08-02,10
3620,42,2022-08-03,25
3620,42,2022-08-04,23
3620,42,2022-08-05,18
3620,43,2022-08-01,13
3620,43,2022-08-02,10
3620,43,2022-08-03,25
3620,43,2022-08-04,23
3620,43,2022-08-05,18
3620,44,2022-08-01,13
3620,44,2022-08-02,10
3620,44,2022-08-03,25
3620,44,2022-08-04,23
3620,44,2022-08-05,18
3620,45,2022-08-01,13
3620,45,2022-08-02,10
3620,45,2022-08-03,25
3620,45,2022-08-04,23
3620,45,2022-08-05,18
3622,41,2022-08-03,2
3622,42,2022-08-03,2
3622,43,2022-08-03,2
3622,44,2022-08-03,2
3622,45,2022-08-03,2
3626,41,2022-08-01,8
3626,41,2022-08-02,23
3626,41,2022-08-03,33
3626,41,2022-08-04,29
3626,41,2022-08-05,32
3626,41,2022-08-06,1
3626,42,2022-08-01,8
3626,42,2022-08-02,23
3626,42,2022-08-03,33
3626,42,2022-08-04,29
3626,42,2022-08-05,32
3626,42,2022-08-06,1
3626,43,2022-08-01,8
3626,43,2022-08-02,23
3626,43,2022-08-03,33
3626,43,2022-08-04,29
3626,43,2022-08-05,32
3626,43,2022-08-06,1
3626,44,2022-08-01,8
3626,44,2022-08-02,23
3626,44,2022-08-03,33
3626,44,2022-08-04,29
3626,44,2022-08-05,32
3626,44,2022-08-06,1
3626,45,2022-08-01,8
3626,45,2022-08-02,23
3626,45,2022-08-03,33
3626,45,2022-08-04,29
3626,45,2022-08-05,32
3626,45,2022-08-06,1
3630,41,2022-08-01,24
3630,41,2022-08-02,22
3630,41,2022-08-03,25
3630,41,2022-08-04,30
3630,41,2022-08-05,20
3630,41,2022-08-06,26
3630,41,2022-08-07,17
3630,42,2022-08-01,24
3630,42,2022-08-02,22
3630,42,2022-08-03,25
3630,42,2022-08-04,30
3630,42,2022-08-05,20
3630,42,2022-08-06,26
3630,42,2022-08-07,17
3630,43,2022-08-01,24
3630,43,2022-08-02,22
3630,43,2022-08-03,25
3630,43,2022-08-04,30
3630,43,2022-08-05,20
3630,43,2022-08-06,26
3630,43,2022-08-07,17
3630,44,2022-08-01,24
3630,44,2022-08-02,22
3630,44,2022-08-03,25
3630,44,2022-08-04,30
3630,44,2022-08-05,20
3630,44,2022-08-06,26
3630,44,2022-08-07,17
3630,45,2022-08-01,24
3630,45,2022-08-02,22
3630,45,2022-08-03,25
3630,45,2022-08-04,30
3630,45,2022-08-05,20
3630,45,2022-08-06,26
3630,45,2022-08-07,17
3632,41,2022-08-01,1
3632,41,2022-08-04,1
3632,42,2022-08-01,1
3632,42,2022-08-04,1
3632,43,2022-08-01,1
3632,43,2022-08-04,1
3632,44,2022-08-01,1
3632,44,2022-08-04,1
3632,45,2022-08-01,1
3632,45,2022-08-04,1
3634,41,2022-08-01,11
3634,41,2022-08-02,11
3634,41,2022-08-03,29
3634,41,2022-08-04,20
3634,41,2022-08-05,12
3634,42,2022-08-01,11
3634,42,2022-08-02,11
3634,42,2022-08-03,29
3634,42,2022-08-04,20
3634,42,2022-08-05,12
3634,43,2022-08-01,11
3634,43,2022-08-02,11
3634,43,2022-08-03,29
3634,43,2022-08-04,20
3634,43,2022-08-05,12
3634,44,2022-08-01,11
3634,44,2022-08-02,11
3634,44,2022-08-03,29
3634,44,2022-08-04,20
3634,44,2022-08-05,12
3634,45,2022-08-01,11
3634,45,2022-08-02,11
3634,45,2022-08-03,29
3634,45,2022-08-04,20
3634,45,2022-08-05,12
3636,41,2022-08-01,12
3636,41,2022-08-02,39
3636,41,2022-08-03,23
3636,41,2022-08-04,31
3636,41,2022-08-05,22
3636,42,2022-08-01,12
3636,42,2022-08-02,39
3636,42,2022-08-03,23
3636,42,2022-08-04,31
3636,42,2022-08-05,22
3636,43,2022-08-01,12
3636,43,2022-08-02,39
3636,43,2022-08-03,23
3636,43,2022-08-04,31
3636,43,2022-08-05,22
3636,44,2022-08-01,12
3636,44,2022-08-02,39
3636,44,2022-08-03,23
3636,44,2022-08-04,31
3636,44,2022-08-05,22
3636,45,2022-08-01,12
3636,45,2022-08-02,39
3636,45,2022-08-03,23
3636,45,2022-08-04,31
3636,45,2022-08-05,22
3638,41,2022-08-01,40
3638,41,2022-08-02,28
3638,41,2022-08-03,38
3638,41,2022-08-04,13
3638,41,2022-08-05,41
3638,41,2022-08-07,1
3638,42,2022-08-01,41
3638,42,2022-08-02,28
3638,42,2022-08-03,38
3638,42,2022-08-04,13
3638,42,2022-08-05,41
3638,42,2022-08-07,1
3638,43,2022-08-01,41
3638,43,2022-08-02,28
3638,43,2022-08-03,38
3638,43,2022-08-04,13
3638,43,2022-08-05,41
3638,43,2022-08-07,1
3638,44,2022-08-01,41
3638,44,2022-08-02,28
3638,44,2022-08-03,38
3638,44,2022-08-04,13
3638,44,2022-08-05,41
3638,44,2022-08-07,1
3638,45,2022-08-01,41
3638,45,2022-08-02,28
3638,45,2022-08-03,38
3638,45,2022-08-04,13
3638,45,2022-08-05,41
3638,45,2022-08-07,1
3640,41,2022-08-01,37
3640,41,2022-08-02,26
3640,41,2022-08-03,38
3640,41,2022-08-04,20
3640,41,2022-08-05,22
3640,42,2022-08-01,37
3640,42,2022-08-02,26
3640,42,2022-08-03,38
3640,42,2022-08-04,20
3640,42,2022-08-05,22
3640,43,2022-08-01,37
3640,43,2022-08-02,26
3640,43,2022-08-03,38
3640,43,2022-08-04,20
3640,43,2022-08-05,22
3640,44,2022-08-01,37
3640,44,2022-08-02,26
3640,44,2022-08-03,38
3640,44,2022-08-04,20
3640,44,2022-08-05,22
3640,45,2022-08-01,37
3640,45,2022-08-02,26
3640,45,2022-08-03,38
3640,45,2022-08-04,20
3640,45,2022-08-05,22
3644,41,2022-08-01,21
3644,41,2022-08-02,28
3644,41,2022-08-03,32
3644,41,2022-08-04,24
3644,41,2022-08-05,33
3644,42,2022-08-01,21
3644,42,2022-08-02,29
3644,42,2022-08-03,32
3644,42,2022-08-04,24
3644,42,2022-08-05,33
3644,43,2022-08-01,21
3644,43,2022-08-02,29
3644,43,2022-08-03,32
3644,43,2022-08-04,24
3644,43,2022-08-05,33
3644,44,2022-08-01,21
3644,44,2022-08-02,29
3644,44,2022-08-03,32
3644,44,2022-08-04,24
3644,44,2022-08-05,33
3644,45,2022-08-01,21
3644,45,2022-08-02,29
3644,45,2022-08-03,32
3644,45,2022-08-04,24
3644,45,2022-08-05,33
3646,41,2022-08-01,12
3646,41,2022-08-02,19
3646,41,2022-08-03,11
3646,41,2022-08-04,28
3646,41,2022-08-05,20
3646,42,2022-08-01,12
3646,42,2022-08-02,19
3646,42,2022-08-03,11
3646,42,2022-08-04,28
3646,42,2022-08-05,20
3646,43,2022-08-01,12
3646,43,2022-08-02,19
3646,43,2022-08-03,11
3646,43,2022-08-04,28
3646,43,2022-08-05,20
3646,44,2022-08-01,12
3646,44,2022-08-02,19
3646,44,2022-08-03,11
3646,44,2022-08-04,28
3646,44,2022-08-05,20
3646,45,2022-08-01,12
3646,45,2022-08-02,19
3646,45,2022-08-03,11
3646,45,2022-08-04,28
3646,45,2022-08-05,20
7013,41,2022-08-01,19
7013,41,2022-08-02,20
7013,41,2022-08-03,19
7013,41,2022-08-04,5
7013,41,2022-08-05,21
7013,41,2022-08-06,1
7013,42,2022-08-01,19
7013,42,2022-08-02,20
7013,42,2022-08-03,19
7013,42,2022-08-04,5
7013,42,2022-08-05,21
7013,42,2022-08-06,1
7013,43,2022-08-01,19
7013,43,2022-08-02,20
7013,43,2022-08-03,19
7013,43,2022-08-04,5
7013,43,2022-08-05,21
7013,43,2022-08-06,1
7013,44,2022-08-01,19
7013,44,2022-08-02,20
7013,44,2022-08-03,19
7013,44,2022-08-04,5
7013,44,2022-08-05,21
7013,44,2022-08-06,1
7014,41,2022-08-01,22
7014,41,2022-08-02,16
7014,41,2022-08-03,7
7014,41,2022-08-04,20
7014,41,2022-08-06,1
7014,42,2022-08-01,22
7014,42,2022-08-02,16
7014,42,2022-08-03,7
7014,42,2022-08-04,21
7014,42,2022-08-06,1
7014,43,2022-08-01,22
7014,43,2022-08-02,16
7014,43,2022-08-03,7
7014,43,2022-08-04,21
7014,43,2022-08-06,1
7014,44,2022-08-01,22
7014,44,2022-08-02,16
7014,44,2022-08-03,7
7014,44,2022-08-04,21
7014,44,2022-08-06,1
7015,41,2022-08-01,19
7015,41,2022-08-02,26
7015,41,2022-08-03,20
7015,41,2022-08-04,19
7015,42,2022-08-01,19
7015,42,2022-08-02,26
7015,42,2022-08-03,20
7015,42,2022-08-04,19
7015,43,2022-08-01,19
7015,43,2022-08-02,26
7015,43,2022-08-03,20
7015,43,2022-08-04,19
7015,44,2022-08-01,19
7015,44,2022-08-02,26
7015,44,2022-08-03,20
7015,44,2022-08-04,19
7018,41,2022-08-01,17
7018,41,2022-08-02,8
7018,41,2022-08-03,31
7018,41,2022-08-04,1
7018,41,2022-08-05,22
7018,41,2022-08-06,1
7018,41,2022-08-07,13
7018,42,2022-08-01,17
7018,42,2022-08-02,8
7018,42,2022-08-03,31
7018,42,2022-08-04,1
7018,42,2022-08-05,22
7018,42,2022-08-06,1
7018,42,2022-08-07,13
7018,43,2022-08-01,17
7018,43,2022-08-02,8
7018,43,2022-08-03,31
7018,43,2022-08-04,1
7018,43,2022-08-05,22
7018,43,2022-08-06,1
7018,43,2022-08-07,13
7018,44,2022-08-01,17
7018,44,2022-08-02,8
7018,44,2022-08-03,31
7018,44,2022-08-04,1
7018,44,2022-08-05,22
7018,44,2022-08-06,1
7018,44,2022-08-07,13
7019,41,2022-08-03,3
7019,41,2022-08-04,1
7019,41,2022-08-05,3
7019,42,2022-08-03,3
7019,42,2022-08-04,1
7019,42,2022-08-05,3
7019,43,2022-08-03,3
7019,43,2022-08-04,1
7019,43,2022-08-05,3
7019,44,2022-08-03,3
7019,44,2022-08-04,1
7019,44,2022-08-05,3
7046,41,2022-08-01,32
7046,41,2022-08-02,16
7046,41,2022-08-03,24
7046,41,2022-08-04,6
7046,41,2022-08-05,18
7046,42,2022-08-01,32
7046,42,2022-08-02,16
7046,42,2022-08-03,24
7046,42,2022-08-04,6
7046,42,2022-08-05,18
7046,43,2022-08-01,32
7046,43,2022-08-02,16
7046,43,2022-08-03,24
7046,43,2022-08-04,6
7046,43,2022-08-05,18
7047,41,2022-08-04,7
7047,41,2022-08-05,4
7047,41,2022-08-06,19
7047,41,2022-08-07,4
7047,42,2022-08-04,7
7047,42,2022-08-05,4
7047,42,2022-08-06,19
7047,42,2022-08-07,4
7047,43,2022-08-04,7
7047,43,2022-08-05,4
7047,43,2022-08-06,19
7047,43,2022-08-07,4
7048,41,2022-08-01,13
7048,41,2022-08-02,45
7048,41,2022-08-03,24
7048,41,2022-08-04,18
7048,41,2022-08-05,22
7048,41,2022-08-06,15
7048,41,2022-08-07,1
7048,42,2022-08-01,13
7048,42,2022-08-02,45
7048,42,2022-08-03,24
7048,42,2022-08-04,18
7048,42,2022-08-05,22
7048,42,2022-08-06,15
7048,42,2022-08-07,1
7048,43,2022-08-01,13
7048,43,2022-08-02,45
7048,43,2022-08-03,24
7048,43,2022-08-04,18
7048,43,2022-08-05,22
7048,43,2022-08-06,15
7048,43,2022-08-07,1
7049,41,2022-08-01,22
7049,41,2022-08-02,24
7049,41,2022-08-03,1
7049,41,2022-08-04,14
7049,41,2022-08-05,23
7049,41,2022-08-06,23
7049,41,2022-08-07,1
7049,42,2022-08-01,22
7049,42,2022-08-02,24
7049,42,2022-08-03,1
7049,42,2022-08-04,14
7049,42,2022-08-05,23
7049,42,2022-08-06,23
7049,42,2022-08-07,1
7049,43,2022-08-01,22
7049,43,2022-08-02,24
7049,43,2022-08-03,1
7049,43,2022-08-04,14
7049,43,2022-08-05,23
7049,43,2022-08-06,23
7049,43,2022-08-07,1
7506,41,2022-08-01,42
7506,41,2022-08-02,7
7506,41,2022-08-03,8
7506,41,2022-08-04,8
7506,41,2022-08-05,6
7506,41,2022-08-06,6
7506,41,2022-08-07,6
7506,42,2022-08-01,39
7506,42,2022-08-02,1
7506,42,2022-08-03,2
7506,42,2022-08-04,2
7801,41,2022-08-01,28
7801,41,2022-08-02,17
7801,41,2022-08-03,15
7801,41,2022-08-04,20
7801,41,2022-08-05,19
7801,41,2022-08-06,15
7801,41,2022-08-07,7
7801,42,2022-08-01,28
7801,42,2022-08-02,17
7801,42,2022-08-03,15
7801,42,2022-08-04,20
7801,42,2022-08-05,19
7801,42,2022-08-06,15
7801,42,2022-08-07,7
7801,43,2022-08-01,28
7801,43,2022-08-02,17
7801,43,2022-08-03,15
7801,43,2022-08-04,20
7801,43,2022-08-05,19
7801,43,2022-08-06,15
7801,43,2022-08-07,7
7802,41,2022-08-01,33
7802,41,2022-08-02,12
7802,41,2022-08-03,35
7802,41,2022-08-04,13
7802,41,2022-08-05,1
7802,42,2022-08-01,33
7802,42,2022-08-02,12
7802,42,2022-08-03,35
7802,42,2022-08-04,13
7802,42,2022-08-05,1
7802,43,2022-08-01,33
7802,43,2022-08-02,12
7802,43,2022-08-03,35
7802,43,2022-08-04,13
7802,43,2022-08-05,1
7803,41,2022-08-01,22
7803,41,2022-08-02,26
7803,41,2022-08-03,29
7803,41,2022-08-04,4
7803,41,2022-08-05,16
7803,41,2022-08-06,1
7803,41,2022-08-07,10
7803,42,2022-08-01,22
7803,42,2022-08-02,26
7803,42,2022-08-03,29
7803,42,2022-08-04,4
7803,42,2022-08-05,16
7803,42,2022-08-06,1
7803,42,2022-08-07,10
7803,43,2022-08-01,22
7803,43,2022-08-02,26
7803,43,2022-08-03,29
7803,43,2022-08-04,4
7803,43,2022-08-05,16
7803,43,2022-08-06,1
7803,43,2022-08-07,10
7804,41,2022-08-01,25
7804,41,2022-08-02,32
7804,41,2022-08-03,19
7804,41,2022-08-04,12
7804,41,2022-08-05,25
7804,41,2022-08-06,2
7804,41,2022-08-07,21
7804,43,2022-08-01,25
7804,43,2022-08-02,32
7804,43,2022-08-03,19
7804,43,2022-08-04,12
7804,43,2022-08-05,25
7804,43,2022-08-06,2
7804,43,2022-08-07,21
7805,41,2022-08-02,6
7805,41,2022-08-03,10
7805,41,2022-08-04,25
7805,41,2022-08-05,8
7805,41,2022-08-06,7
7805,41,2022-08-07,38
7805,42,2022-08-02,6
7805,42,2022-08-03,10
7805,42,2022-08-04,25
7805,42,2022-08-05,8
7805,42,2022-08-06,7
7805,42,2022-08-07,38
7805,43,2022-08-02,6
7805,43,2022-08-03,10
7805,43,2022-08-04,25
7805,43,2022-08-05,8
7805,43,2022-08-06,7
7805,43,2022-08-07,38
