vuz,jednotka,nastupy,vystupy,zastaveni
1083,51,1166,1283,2726
1083,52,2025,2407,2726
1083,53,1840,2803,2725
1090,51,167,243,399
1090,52,297,243,399
1090,53,401,433,398
1093,41,459,395,542
1093,42,967,978,675
1093,43,594,699,675
1093,44,381,429,675
1094,41,2571,2905,1321
1094,42,1527,1306,1322
1094,43,1611,1725,1321
1094,44,675,901,1321
1096,51,413,337,808
1096,52,666,783,809
1096,53,589,613,809
1099,51,1044,1153,934
1099,52,387,434,467
1099,53,1769,1567,934
1100,41,2379,2330,2590
1100,42,3858,3543,2590
1100,43,2874,3075,2568
1100,44,25,36,2568
1101,41,1299,1362,1511
1101,42,3318,4433,1510
1101,43,1468,1498,1510
1101,44,1239,1155,1511
1106,51,7927,8772,2241
1106,52,1805,2272,2243
1106,53,1534,1716,2245
1108,51,1495,1449,1576
1108,52,502,589,664
1108,53,2620,2420,1578
1117,41,2914,3864,1890
1117,42,2770,2649,1889
1117,43,2524,2550,1890
1117,44,876,1272,1889
1117,51,1010,849,1836
1117,52,993,928,1346
1117,53,1195,1395,1836
1120,41,2655,2770,2724
1120,42,2994,3236,2752
1120,43,3392,3650,2751
1120,44,1480,1811,2752
1120,51,1437,1070,2594
1120,52,2073,2435,2558
1120,53,2977,3668,2591
1126,41,3283,3673,2096
1126,42,3074,2935,2096
1126,43,7965,7796,2094
1126,44,714,1371,2096
1131,41,5113,5713,1937
1131,42,2857,3005,1937
1131,43,1974,2391,1937
1131,44,12249,14999,1936
1580,41,1792,1864,1992
1580,42,2927,3023,2008
1580,43,1744,1641,2008
1617,41,1339,1579,1384
1617,42,998,1218,1384
1617,43,831,922,1384
1617,51,419,491,909
1617,52,547,641,910
1617,53,506,425,910
1626,41,476,500,569
1626,42,789,842,569
1626,43,412,431,569
1653,41,1680,1394,1026
1653,42,982,1144,1026
1653,43,1684,1461,1018
1653,51,3061,2848,1026
1653,52,1141,1389,1026
1653,53,1129,908,1026
1655,41,483,820,950
1655,42,800,1012,953
1655,43,414,469,953
1702,41,821,1095,2472
1702,42,1400,1802,2472
1702,43,767,1125,2472
1702,44,968,1309,2472
1702,45,1791,1913,2471
1702,46,582,592,2472
1702,47,1157,1460,2450
1702,48,1309,1336,2437
1702,49,4431,4239,2472
1702,50,960,1077,2472
1703,41,746,1135,2516
1703,42,1366,1129,2517
1703,43,1658,1625,2517
1703,44,1157,1417,2517
1703,45,928,978,2516
1703,46,2419,2152,2517
1703,47,7433,6068,2517
1703,48,1400,1549,2517
1703,49,995,769,2517
1703,50,752,1069,2517
1704,41,830,987,2745
1704,42,720,787,2745
1704,43,530,1171,2745
1704,44,2102,2145,2745
1704,45,1546,1394,2745
1704,46,1644,1298,2745
1704,47,1950,2011,2746
1704,48,1260,1395,2745
1704,49,402,581,2743
1704,50,772,929,2745
1705,41,955,1083,3055
1705,42,1860,1860,3051
1705,43,1904,1961,3055
1705,44,137,355,3054
1705,45,2,3,3054
1705,46,3950,3534,3052
1705,47,2200,2624,3055
1705,48,1257,1638,3055
1705,49,1169,1005,3055
1705,50,1049,1263,3055
1708,41,1090,1278,3203
1708,42,517,741,3167
1708,43,2045,2101,3203
1708,44,12704,12883,3203
1708,45,875,1066,3203
1708,46,2248,1927,3203
1708,47,1541,1840,3203
1708,48,2049,2011,3203
1708,49,1277,1369,3203
1708,50,839,1232,3203
1709,41,434,544,1457
1709,42,1595,1517,1457
1709,43,987,994,1457
1709,44,580,750,1457
1709,46,796,746,1457
1709,47,38,215,1431
1709,48,580,872,1457
1709,49,495,534,1457
1709,50,564,643,1454
1710,41,383,513,1615
1710,42,231,439,1615
1710,43,687,837,1615
1710,44,409,577,1252
1710,45,1463,1327,1615
1710,46,1016,996,1615
1710,47,643,774,1615
1710,48,746,1048,1615
1710,49,375,361,1615
1710,50,553,629,1615
1711,41,438,526,2140
1711,42,1022,926,2138
1711,43,808,894,2139
1711,44,1492,1857,2140
1711,45,8977,12355,2140
1711,46,2493,2180,2140
1711,47,1846,3939,2139
1711,48,1711,1970,2140
1711,49,206,451,2141
1711,50,1003,1675,2138
1712,41,668,852,2764
1712,42,1936,1636,2756
1712,43,1298,1473,2761
1712,44,1706,2079,2763
1712,45,2682,2803,2762
1712,46,4821,4619,2762
1712,47,1235,1263,2763
1712,48,1203,2098,2761
1712,49,792,776,2761
1712,50,1619,1735,2762
1713,41,1031,1186,3139
1713,42,1030,971,3139
1713,43,901,1660,3137
1713,44,1496,1790,3139
1713,45,1878,1785,3139
1713,46,2249,2109,3122
1713,47,297,1243,3138
1713,48,1490,1968,3139
1713,49,861,949,3139
1713,50,624,1158,3139
1715,41,749,887,2863
1715,42,1302,879,2862
1715,43,2719,2903,2863
1715,44,811,1260,2863
1715,45,3334,3186,2863
1715,46,1676,1645,2863
1715,47,1174,1285,2863
1715,48,7041,6070,2704
1715,49,317,332,2661
1715,50,903,1100,2853
1805,41,30,43,57
1805,42,37,45,57
1805,43,41,44,57
1805,44,33,72,57
1809,41,211,168,412
1809,43,80,124,412
1809,44,358,394,412
1811,41,617,678,373
1811,42,178,321,373
1811,43,272,286,373
1811,44,385,391,373
1817,41,3283,3467,2129
1817,42,2140,2341,2129
1817,43,649,623,689
1817,44,2302,2613,2129
1930,41,1795,2436,2922
1930,42,2541,2266,2920
1930,43,2598,2798,2924
1930,44,1024,1297,2924
1930,45,2009,2215,2924
1930,46,1139,1782,2900
1931,41,1330,1264,2408
1931,42,2301,2023,2408
1931,43,1845,1931,2408
1931,44,1317,1330,2408
1931,45,1245,1452,2408
1931,46,293,1057,2408
1932,41,1506,1475,2287
1932,42,1689,1677,2288
1932,43,2024,2112,2288
1932,44,2021,1957,2288
1932,45,705,800,2191
1932,46,654,1366,2288
1933,41,745,1026,1991
1933,42,2065,1711,1991
1933,43,1815,1954,1991
1933,44,1566,1524,1991
1933,45,1186,1347,1991
1933,46,987,1140,1990
1934,41,931,831,1398
1934,42,1019,850,1398
1934,43,746,1023,1398
1934,44,573,693,1398
1934,45,859,950,1399
1934,46,534,776,1398
1935,41,1674,1647,2361
1935,42,2947,2136,2361
1935,43,2332,2489,2361
1935,44,1945,1879,2361
1935,45,1763,2009,2361
1935,46,1024,1189,2361
1936,41,1219,1285,2293
1936,42,2026,1854,2297
1936,43,1657,1903,2297
1936,44,1727,1754,2297
1936,45,1190,1380,2297
1936,46,1133,1202,2297
1937,41,1816,1768,2723
1937,42,2898,2513,2723
1937,43,1956,2200,2723
1937,44,1824,1950,2723
1937,45,1251,1321,2722
1937,46,1090,1616,2721
1938,41,1058,1388,2379
1938,42,2325,1943,2380
1938,43,1995,2109,2380
1938,44,1662,1738,2380
1938,45,1243,1518,2380
1938,46,2238,3168,2379
1939,41,1928,1988,3045
1939,42,2819,2365,3045
1939,43,2296,2619,3045
1939,44,3104,2791,3044
1939,45,2076,2166,3045
1939,46,1199,1870,3045
2001,41,370,360,2238
2001,42,1959,2052,2239
2001,43,730,1055,2238
2001,44,686,721,2238
2002,41,558,343,2669
2002,42,1924,2038,2670
2002,43,3792,2370,2578
2002,44,489,624,2609
2003,41,622,678,2527
2003,42,2531,2513,2473
2003,43,1679,1743,2526
2003,44,822,901,2509
2004,41,0,0,3
2004,42,0,0,3
2004,43,0,0,3
2004,44,0,0,3
2005,41,94,71,457
2005,42,339,359,457
2005,43,222,238,447
2005,44,913,1062,457
2006,41,114,100,564
2006,42,211,243,564
2006,43,396,390,562
2006,44,190,181,564
2007,41,355,321,1773
2007,42,1523,1462,1772
2007,43,1119,1207,1773
2007,44,650,634,1773
2008,41,645,476,641
2008,42,682,607,641
2008,43,271,332,641
2008,44,203,212,641
2623,41,127,129,891
2623,42,922,898,892
2623,43,556,506,892
2623,44,656,712,892
2624,41,110,127,817
2624,42,638,647,817
2624,43,385,411,817
2624,44,321,280,817
2626,41,135,135,533
2626,42,564,532,533
2626,43,400,417,533
2626,44,221,200,533
2627,41,297,369,1507
2627,42,1475,1336,1507
2627,43,1058,1056,1507
2627,44,520,520,1507
2628,41,161,172,995
2628,42,1057,1034,995
2628,43,573,622,995
2628,44,470,527,995
2629,41,759,844,1530
2629,42,9330,5236,1529
2629,43,622,791,1531
2629,44,506,454,1531
3007,41,279,173,1793
3007,42,1682,1823,1665
3007,43,1174,1108,1545
3010,41,561,381,656
3010,42,442,483,656
3010,43,293,303,656
3011,41,168,138,796
3011,42,609,689,796
3011,43,423,408,796
3021,41,153,193,710
3021,42,526,672,651
3021,43,710,757,710
3025,41,641,625,2034
3025,42,2189,2400,2034
3025,43,1639,1652,2033
3061,41,206,255,1563
3061,42,1323,1441,1563
3061,43,1061,1006,1563
3301,41,530,635,2600
3301,42,2289,2296,2601
3301,43,1233,1128,2601
3306,41,532,645,2847
3306,42,2731,2719,2847
3306,43,1650,1511,2847
3618,41,285,294,1552
3618,42,803,758,1552
3618,43,2009,2011,1552
3618,44,736,729,1552
3618,45,752,795,1552
3620,41,215,225,1132
3620,42,595,613,1130
3620,43,2148,1831,1132
3620,44,876,877,1132
3620,45,627,672,1132
3626,41,287,288,1750
3626,42,656,763,1749
3626,43,1217,1152,1749
3626,44,731,759,1750
3626,45,724,768,1750
3630,41,3219,3364,2298
3630,42,1348,1297,2298
3630,43,2073,2028,2297
3630,44,1625,1540,2299
3630,45,3118,3074,2296
3634,41,195,187,1010
3634,42,524,484,1010
3634,43,616,663,1010
3634,44,1048,901,1010
3634,45,729,842,1009
3636,41,158,179,1225
3636,42,1977,1485,1223
3636,43,988,976,1225
3636,44,736,687,1225
3636,45,588,641,1224
3638,41,303,388,1681
3638,42,609,767,1682
3638,43,1953,1560,1682
3638,44,985,843,1682
3638,45,714,787,1682
3640,41,298,312,1558
3640,42,549,697,1558
3640,43,1192,1191,1558
3640,44,941,904,1558
3640,45,616,778,1558
3644,41,569,630,1226
3644,42,452,486,1226
3644,43,1623,1568,1225
3644,44,721,694,1226
3644,45,537,566,1226
3646,41,249,200,1225
3646,42,657,635,1225
3646,43,919,937,1226
3646,44,620,655,1226
3646,45,699,739,1223
7013,41,272,343,1524
7013,42,1127,980,1392
7013,43,942,951,1349
7013,44,1286,1325,1645
7014,41,217,283,1277
7014,42,955,946,1277
7014,43,976,904,1277
7014,44,940,962,1277
7015,41,235,270,1179
7015,42,640,715,1179
7015,43,892,855,1179
7015,44,1341,1124,1171
7018,41,152,206,1344
7018,42,833,833,1344
7018,43,2536,1949,1344
7018,44,814,851,1344
7046,41,342,346,1218
7046,42,1152,1235,1218
7046,43,675,640,1218
7047,41,58,42,250
7047,42,227,257,250
7047,43,130,132,242
7048,41,839,793,1762
7048,42,1816,1986,1761
7048,43,790,781,1762
7049,41,491,404,1561
7049,42,1207,1331,1508
7049,43,619,572,1576
7506,41,108,149,359
7506,42,275,265,359
7801,41,81,102,1286
7801,42,1266,1220,1286
7801,43,540,621,1286
7802,41,40,59,644
7802,42,613,536,643
7802,43,528,504,644
7803,41,337,384,964
7803,42,857,824,964
7803,43,1133,890,964
7804,41,539,335,1304
7804,43,537,678,1325
7805,41,154,148,894
7805,42,831,802,864
7805,43,615,583,858
