vuz,den,nastupy,vystupy,nesoulad
3007,2022-08-01,802,802,0.0000
1936,2022-08-07,1802,1803,0.0003
3007,2022-08-04,707,708,0.0007
1653,2022-08-02,2694,2699,0.0009
1100,2022-08-02,1504,1507,0.0010
7013,2022-08-01,946,944,0.0011
7048,2022-08-06,465,464,0.0011
3644,2022-08-02,1112,1109,0.0014
1708,2022-08-04,4056,4067,0.0014
7801,2022-08-04,349,348,0.0014
1108,2022-08-02,1004,1001,0.0015
2007,2022-08-07,300,299,0.0017
1708,2022-08-05,3362,3374,0.0018
1708,2022-08-03,3562,3549,0.0018
2006,2022-08-01,508,510,0.0020
1100,2022-08-06,1783,1776,0.0020
1937,2022-08-05,1825,1816,0.0025
3630,2022-08-07,1371,1364,0.0026
2626,2022-08-02,775,779,0.0026
1817,2022-08-04,1928,1938,0.0026
3618,2022-08-05,870,875,0.0029
3626,2022-08-03,1021,1015,0.0029
2628,2022-08-02,821,826,0.0030
3644,2022-08-05,785,790,0.0032
1580,2022-08-01,1183,1191,0.0034
3638,2022-08-02,840,846,0.0036
3306,2022-08-04,921,914,0.0038
7049,2022-08-06,384,387,0.0039
3306,2022-08-05,375,378,0.0040
1933,2022-08-06,1705,1719,0.0041
2623,2022-08-03,366,363,0.0041
1936,2022-08-01,1862,1846,0.0043
1708,2022-08-07,3454,3484,0.0043
2007,2022-08-02,781,774,0.0045
2624,2022-08-04,223,221,0.0045
3644,2022-08-01,546,551,0.0046
1108,2022-08-03,1408,1421,0.0046
3306,2022-08-01,639,633,0.0047
3061,2022-08-05,319,316,0.0047
7046,2022-08-01,815,823,0.0049
3061,2022-08-03,595,601,0.0050
7013,2022-08-05,791,799,0.0050
2628,2022-08-01,388,384,0.0052
3306,2022-08-07,766,774,0.0052
1705,2022-08-07,1499,1516,0.0056
3630,2022-08-01,1774,1795,0.0059
3640,2022-08-03,653,645,0.0062
3646,2022-08-02,1019,1006,0.0064
1937,2022-08-01,1613,1634,0.0065
3301,2022-08-01,599,607,0.0066
3626,2022-08-01,149,151,0.0067
3011,2022-08-02,438,444,0.0068
1715,2022-08-01,4498,4560,0.0068
7013,2022-08-02,950,937,0.0069
1120,2022-08-02,422,428,0.0071
2003,2022-08-02,900,913,0.0072
7046,2022-08-03,689,699,0.0072
3630,2022-08-03,2121,2152,0.0073
3646,2022-08-05,727,738,0.0075
1935,2022-08-01,2663,2623,0.0076
7015,2022-08-04,1252,1233,0.0076
2003,2022-08-01,654,644,0.0077
1710,2022-08-06,317,322,0.0078
3306,2022-08-06,575,566,0.0079
2627,2022-08-05,1006,1022,0.0079
3306,2022-08-02,557,548,0.0081
1580,2022-08-03,1275,1254,0.0083
3644,2022-08-04,945,961,0.0084
3306,2022-08-03,1080,1062,0.0084
1100,2022-08-04,1843,1812,0.0085
7015,2022-08-01,1069,1051,0.0085
2003,2022-08-05,811,825,0.0086
1939,2022-08-05,1556,1529,0.0088
1653,2022-08-01,2359,2318,0.0088
7048,2022-08-03,738,725,0.0089
1935,2022-08-07,2162,2123,0.0091
3025,2022-08-06,870,886,0.0091
1705,2022-08-01,2730,2783,0.0096
1580,2022-08-04,1590,1623,0.0103
1580,2022-08-02,1375,1347,0.0103
7014,2022-08-02,908,927,0.0104
1126,2022-08-03,3774,3854,0.0105
1939,2022-08-07,1553,1520,0.0107
3618,2022-08-03,1128,1153,0.0110
1093,2022-08-05,1790,1830,0.0110
2003,2022-08-03,1375,1406,0.0111
3021,2022-08-05,132,135,0.0112
7013,2022-08-03,940,919,0.0113
3618,2022-08-04,1132,1158,0.0114
7046,2022-08-02,390,399,0.0114
1705,2022-08-03,1622,1660,0.0116
2627,2022-08-06,171,167,0.0118
3025,2022-08-07,872,893,0.0119
2007,2022-08-01,1003,979,0.0121
7048,2022-08-01,166,162,0.0122
7804,2022-08-01,205,200,0.0123
3011,2022-08-03,398,408,0.0124
1933,2022-08-01,1973,2023,0.0125
3025,2022-08-05,195,200,0.0127
1935,2022-08-05,1312,1279,0.0127
3025,2022-08-04,950,975,0.0130
1094,2022-08-03,2169,2227,0.0132
1106,2022-08-05,2929,2852,0.0133
7014,2022-08-01,1023,996,0.0134
1932,2022-08-06,1350,1314,0.0135
1709,2022-08-07,74,72,0.0137
1715,2022-08-03,1860,1809,0.0139
3640,2022-08-02,707,727,0.0139
3618,2022-08-02,1118,1150,0.0141
3061,2022-08-04,589,606,0.0142
3646,2022-08-01,345,355,0.0143
1939,2022-08-02,2867,2786,0.0143
2627,2022-08-01,720,741,0.0144
3007,2022-08-02,369,380,0.0147
7049,2022-08-01,608,590,0.0150
3301,2022-08-07,597,616,0.0157
7049,2022-08-02,662,641,0.0161
1100,2022-08-07,1237,1278,0.0163
2006,2022-08-02,310,300,0.0164
7018,2022-08-02,60,62,0.0164
1099,2022-08-07,1176,1138,0.0164
3630,2022-08-06,1538,1591,0.0169
3007,2022-08-05,299,289,0.0170
1930,2022-08-03,1585,1640,0.0171
7801,2022-08-02,208,201,0.0171
1108,2022-08-01,200,207,0.0172
3630,2022-08-02,1555,1502,0.0173
7049,2022-08-05,538,557,0.0174
1703,2022-08-03,4303,4156,0.0174
1626,2022-08-01,1323,1370,0.0175
1935,2022-08-06,2649,2558,0.0175
3007,2022-08-03,958,925,0.0175
1938,2022-08-07,518,537,0.0180
1096,2022-08-05,840,871,0.0181
1120,2022-08-04,4118,4270,0.0181
3644,2022-08-03,514,533,0.0181
3634,2022-08-04,1331,1283,0.0184
7803,2022-08-07,166,160,0.0184
3630,2022-08-04,2095,2018,0.0187
2623,2022-08-01,1120,1163,0.0188
3620,2022-08-02,432,416,0.0189
7047,2022-08-06,415,431,0.0189
1705,2022-08-02,2231,2321,0.0198
1937,2022-08-07,2051,2134,0.0198
1100,2022-08-01,1845,1773,0.0199
7048,2022-08-04,368,383,0.0200
3025,2022-08-03,391,407,0.0201
1096,2022-08-04,828,862,0.0201
7804,2022-08-02,243,253,0.0202
7805,2022-08-07,707,679,0.0202
3638,2022-08-05,1004,963,0.0208
3301,2022-08-05,678,707,0.0209
1937,2022-08-04,2098,2188,0.0210
1709,2022-08-01,2114,2205,0.0211
1939,2022-08-06,1160,1210,0.0211
2007,2022-08-04,232,242,0.0211
1934,2022-08-02,1553,1621,0.0214
1937,2022-08-03,1845,1927,0.0217
1715,2022-08-06,4057,3883,0.0219
1931,2022-08-04,1606,1678,0.0219
1933,2022-08-02,1623,1696,0.0220
3646,2022-08-04,755,789,0.0220
7014,2022-08-04,1051,1099,0.0223
1704,2022-08-01,2923,3059,0.0227
7805,2022-08-03,179,171,0.0229
3301,2022-08-06,1014,968,0.0232
7801,2022-08-06,240,229,0.0235
2627,2022-08-02,523,499,0.0235
1117,2022-08-04,3029,3175,0.0235
3025,2022-08-02,430,451,0.0238
2007,2022-08-05,388,407,0.0239
3626,2022-08-05,769,807,0.0241
3010,2022-08-04,190,181,0.0243
1712,2022-08-06,2871,2733,0.0246
2624,2022-08-05,768,731,0.0247
1703,2022-08-05,3102,3261,0.0250
1126,2022-08-04,3691,3882,0.0252
3011,2022-08-01,364,383,0.0254
1931,2022-08-05,1282,1349,0.0255
2003,2022-08-04,951,1001,0.0256
1083,2022-08-05,152,160,0.0256
1704,2022-08-06,774,735,0.0258
1120,2022-08-06,2800,2949,0.0259
1126,2022-08-05,2175,2292,0.0262
1094,2022-08-05,1904,2007,0.0263
1817,2022-08-01,1420,1497,0.0264
3630,2022-08-05,929,881,0.0265
1931,2022-08-01,1752,1850,0.0272
7049,2022-08-04,125,132,0.0272
7018,2022-08-01,1586,1501,0.0275
1809,2022-08-05,649,686,0.0277
1099,2022-08-06,1259,1331,0.0278
7801,2022-08-01,328,347,0.0281
1126,2022-08-02,4200,4445,0.0283
7048,2022-08-05,771,816,0.0284
2001,2022-08-01,1088,1152,0.0286
1936,2022-08-05,2014,2133,0.0287
1108,2022-08-04,1288,1216,0.0288
3636,2022-08-02,1156,1089,0.0298
1703,2022-08-06,3483,3281,0.0299
1939,2022-08-04,2644,2807,0.0299
1101,2022-08-02,2481,2634,0.0299
3638,2022-08-04,239,225,0.0302
1090,2022-08-01,865,919,0.0303
1939,2022-08-01,1923,2044,0.0305
2008,2022-08-07,467,439,0.0309
2008,2022-08-05,614,577,0.0311
1933,2022-08-07,1759,1873,0.0314
1715,2022-08-05,3541,3324,0.0316
3634,2022-08-03,786,838,0.0320
1933,2022-08-04,1304,1391,0.0323
1106,2022-08-01,2891,3084,0.0323
3634,2022-08-02,359,383,0.0323
1710,2022-08-05,2079,2218,0.0323
7801,2022-08-03,270,253,0.0325
2001,2022-08-04,697,745,0.0333
1715,2022-08-07,1754,1875,0.0333
3061,2022-08-02,970,1037,0.0334
1580,2022-08-05,1040,1113,0.0339
3638,2022-08-03,1253,1170,0.0343
3620,2022-08-04,1268,1184,0.0343
3646,2022-08-03,298,278,0.0347
1936,2022-08-02,1719,1843,0.0348
2007,2022-08-06,330,354,0.0351
1715,2022-08-04,3086,3311,0.0352
3620,2022-08-03,1191,1278,0.0352
1708,2022-08-02,3441,3699,0.0361
3638,2022-08-01,1228,1141,0.0367
2003,2022-08-06,470,506,0.0369
2624,2022-08-06,287,309,0.0369
2628,2022-08-07,246,265,0.0372
2007,2022-08-03,613,569,0.0372
3010,2022-08-05,472,438,0.0374
3634,2022-08-01,236,219,0.0374
1705,2022-08-04,2214,2386,0.0374
2623,2022-08-02,775,719,0.0375
7048,2022-08-02,937,1010,0.0375
2626,2022-08-05,545,505,0.0381
1131,2022-08-02,3310,3575,0.0385
1817,2022-08-03,2033,2197,0.0388
7506,2022-08-01,383,414,0.0389
1704,2022-08-05,438,405,0.0391
1120,2022-08-03,2331,2522,0.0394
7802,2022-08-02,145,134,0.0394
1712,2022-08-01,3105,3360,0.0394
1702,2022-08-04,3171,3433,0.0397
1931,2022-08-06,1076,1165,0.0397
7018,2022-08-07,471,435,0.0397
7802,2022-08-03,425,392,0.0404
1935,2022-08-02,592,642,0.0405
1938,2022-08-05,1407,1530,0.0419
1705,2022-08-06,1853,2015,0.0419
3301,2022-08-02,682,742,0.0421
1702,2022-08-01,2908,3165,0.0423
1126,2022-08-01,1196,1302,0.0424
7803,2022-08-02,999,917,0.0428
3626,2022-08-04,730,670,0.0429
1704,2022-08-04,2399,2615,0.0431
7046,2022-08-05,275,300,0.0435
1935,2022-08-04,2275,2085,0.0436
1702,2022-08-05,2636,2877,0.0437
2627,2022-08-03,930,852,0.0438
1932,2022-08-04,1318,1439,0.0439
1708,2022-08-01,2949,3223,0.0444
1932,2022-08-01,1333,1457,0.0444
1094,2022-08-01,431,472,0.0454
2003,2022-08-07,493,540,0.0455
1938,2022-08-06,483,530,0.0464
3640,2022-08-01,1175,1290,0.0467
1703,2022-08-04,4012,3653,0.0468
2005,2022-08-01,862,949,0.0480
1938,2022-08-03,2152,2372,0.0486
1100,2022-08-05,924,838,0.0488
3636,2022-08-04,1300,1178,0.0492
7804,2022-08-07,135,149,0.0493
1712,2022-08-02,2862,3161,0.0496
2002,2022-08-05,814,737,0.0496
3620,2022-08-05,765,692,0.0501
1117,2022-08-03,2985,3302,0.0504
2005,2022-08-02,706,781,0.0504
1930,2022-08-06,1688,1868,0.0506
1093,2022-08-07,571,632,0.0507
1934,2022-08-06,1825,2020,0.0507
1939,2022-08-03,1719,1903,0.0508
1653,2022-08-04,3296,2977,0.0509
1117,2022-08-01,2524,2795,0.0509
1932,2022-08-03,1334,1478,0.0512
1938,2022-08-02,2029,2250,0.0516
7804,2022-08-04,89,80,0.0533
1930,2022-08-07,1370,1525,0.0535
1120,2022-08-07,2100,2341,0.0543
7803,2022-08-03,963,863,0.0548
1712,2022-08-05,1949,1746,0.0549
1099,2022-08-05,765,685,0.0552
1617,2022-08-04,1429,1596,0.0552
1704,2022-08-03,2656,2967,0.0553
2006,2022-08-03,93,104,0.0558
1617,2022-08-05,2069,2318,0.0568
3636,2022-08-03,1106,987,0.0569
7801,2022-08-05,231,259,0.0571
1703,2022-08-01,3886,3464,0.0574
1932,2022-08-02,1925,2164,0.0584
2001,2022-08-03,353,397,0.0587
1712,2022-08-04,3232,3640,0.0594
1709,2022-08-03,1851,2085,0.0595
1703,2022-08-07,63,71,0.0597
1120,2022-08-01,3428,3864,0.0598
1936,2022-08-04,1555,1753,0.0599
7805,2022-08-04,210,237,0.0604
1817,2022-08-02,1678,1894,0.0605
3634,2022-08-05,400,354,0.0610
1117,2022-08-02,2578,2914,0.0612
3640,2022-08-05,694,786,0.0622
1117,2022-08-05,1166,1321,0.0623
1705,2022-08-05,2334,2645,0.0625
1931,2022-08-07,1221,1384,0.0626
1094,2022-08-04,1880,2131,0.0626
3025,2022-08-01,761,865,0.0640
1704,2022-08-02,2566,2917,0.0640
7015,2022-08-02,580,510,0.0642
1626,2022-08-03,354,403,0.0647
7804,2022-08-03,168,147,0.0667
2002,2022-08-03,917,800,0.0681
1932,2022-08-07,1339,1535,0.0682
2002,2022-08-04,977,852,0.0683
1710,2022-08-07,2014,2313,0.0691
3626,2022-08-02,946,1087,0.0694
3301,2022-08-04,482,419,0.0699
2008,2022-08-06,647,561,0.0712
1934,2022-08-04,1284,1481,0.0712
1131,2022-08-03,4413,5092,0.0714
1930,2022-08-01,1519,1753,0.0715
1811,2022-08-05,1452,1676,0.0716
1817,2022-08-05,1315,1518,0.0717
1653,2022-08-05,1328,1150,0.0718
2001,2022-08-05,618,714,0.0721
1938,2022-08-01,2329,2691,0.0721
3010,2022-08-01,634,548,0.0728
1708,2022-08-06,4361,5052,0.0734
1702,2022-08-03,2779,3220,0.0735
1711,2022-08-04,567,657,0.0735
2624,2022-08-01,176,204,0.0737
2628,2022-08-03,697,809,0.0744
2001,2022-08-02,87,101,0.0745
2002,2022-08-01,891,766,0.0754
7805,2022-08-02,63,54,0.0769
1930,2022-08-05,1623,1895,0.0773
1930,2022-08-02,1762,2059,0.0777
7802,2022-08-01,463,396,0.0780
1108,2022-08-05,717,613,0.0782
1931,2022-08-03,1394,1631,0.0783
2629,2022-08-01,2723,2327,0.0784
7801,2022-08-07,261,306,0.0794
7018,2022-08-03,1386,1182,0.0794
1712,2022-08-07,2283,2680,0.0800
3021,2022-08-06,921,1083,0.0808
1101,2022-08-01,2353,2777,0.0827
3640,2022-08-04,367,434,0.0836
1617,2022-08-01,140,166,0.0850
1083,2022-08-03,887,1055,0.0865
1937,2022-08-06,1403,1669,0.0866
1131,2022-08-04,3930,4681,0.0872
1617,2022-08-03,1002,1196,0.0883
2001,2022-08-06,289,345,0.0883
1083,2022-08-02,1190,1423,0.0892
7802,2022-08-04,148,177,0.0892
2001,2022-08-07,613,734,0.0898
1710,2022-08-03,121,101,0.0901
7805,2022-08-05,85,102,0.0909
3021,2022-08-04,336,404,0.0919
1713,2022-08-01,2180,2626,0.0928
1131,2022-08-05,5629,6794,0.0938
1702,2022-08-02,2692,3253,0.0944
1709,2022-08-02,2011,2433,0.0950
3061,2022-08-01,117,142,0.0965
1712,2022-08-03,1658,2014,0.0969
1131,2022-08-01,4911,5966,0.0970
7015,2022-08-03,207,170,0.0981
1938,2022-08-04,1603,1954,0.0987
1101,2022-08-03,2490,3037,0.0990
1106,2022-08-03,1404,1715,0.0997
1083,2022-08-04,960,1178,0.1020
7805,2022-08-06,356,290,0.1022
3636,2022-08-05,557,452,0.1041
1713,2022-08-06,1562,1930,0.1054
1711,2022-08-03,4147,5142,0.1071
3620,2022-08-01,805,648,0.1081
1106,2022-08-02,2695,3354,0.1089
1713,2022-08-05,1943,2419,0.1091
3636,2022-08-01,328,262,0.1119
1120,2022-08-05,1809,2266,0.1121
1713,2022-08-02,2257,2846,0.1154
1713,2022-08-07,1785,2252,0.1157
7018,2022-08-05,832,659,0.1160
7803,2022-08-05,195,153,0.1207
2002,2022-08-02,1025,801,0.1227
7804,2022-08-05,236,184,0.1238
1711,2022-08-01,3888,4997,0.1248
1083,2022-08-07,737,949,0.1257
1713,2022-08-04,1994,2568,0.1258
1710,2022-08-04,1975,2547,0.1265
1106,2022-08-04,1347,1755,0.1315
1713,2022-08-03,136,178,0.1338
1930,2022-08-04,1559,2054,0.1370
1655,2022-08-01,653,864,0.1391
2002,2022-08-07,826,624,0.1393
1711,2022-08-02,3761,4997,0.1411
3618,2022-08-01,337,251,0.1463
1655,2022-08-02,656,898,0.1557
1711,2022-08-06,3621,5015,0.1614
1655,2022-08-03,388,539,0.1629
1805,2022-08-04,141,204,0.1826
7014,2022-08-03,106,73,0.1844
1083,2022-08-01,712,1035,0.1849
2008,2022-08-04,73,50,0.1870
1711,2022-08-05,3981,5901,0.1943
2629,2022-08-03,2463,1627,0.2044
2628,2022-08-06,109,71,0.2111
1715,2022-08-02,1230,785,0.2208
2629,2022-08-04,1622,1029,0.2237
2002,2022-08-06,1313,795,0.2457
2629,2022-08-02,2039,1219,0.2517
1083,2022-08-06,393,693,0.2762
2629,2022-08-07,1325,668,0.3297
2629,2022-08-06,1045,455,0.3933
